codigo,nombre,afecto_iva,categoria
011101,CULTIVO DE TRIGO,SI,"AGRICULTURA, GANADERÍA, SILVICULTURA Y PESCA"
011102,CULTIVO DE MAÍZ,SI,"AGRICULTURA, GANADERÍA, SILVICULTURA Y PESCA"
011103,CULTIVO DE AVENA,SI,"AGRICULTURA, GANADERÍA, SILVICULTURA Y PESCA"
011104,CULTIVO DE CEBADA,SI,"AGRICULTURA, GANADERÍA, SILVICULTURA Y PESCA"
011105,"CULTIVO DE OTROS CEREALES (EXCEPTO TRIGO, MAÍZ, AVENA Y CEBADA)",SI,"AGRICULTURA, GANADERÍA, SILVICULTURA Y PESCA"
011106,CULTIVO DE POROTOS,SI,"AGRICULTURA, GANADERÍA, SILVICULTURA Y PESCA"
011107,CULTIVO DE LUPINO,SI,"AGRICULTURA, GANADERÍA, SILVICULTURA Y PESCA"
011108,CULTIVO DE OTRAS LEGUMBRES (EXCEPTO POROTOS Y LUPINO),SI,"AGRICULTURA, GANADERÍA, SILVICULTURA Y PESCA"
011109,CULTIVO DE SEMILLAS DE RAPS,SI,"AGRICULTURA, GANADERÍA, SILVICULTURA Y PESCA"
011110,CULTIVO DE SEMILLAS DE MARAVILLA (GIRASOL),SI,"AGRICULTURA, GANADERÍA, SILVICULTURA Y PESCA"
011111,"CULTIVO DE SEMILLAS DE CEREALES, LEGUMBRES Y OLEAGINOSAS (EXCEPTO SEMILLAS DE RAPS Y MARAVILLA)",SI,"AGRICULTURA, GANADERÍA, SILVICULTURA Y PESCA"
011200,CULTIVO DE ARROZ,SI,"AGRICULTURA, GANADERÍA, SILVICULTURA Y PESCA"
011301,CULTIVO DE PAPAS,SI,"AGRICULTURA, GANADERÍA, SILVICULTURA Y PESCA"
011302,CULTIVO DE CAMOTES,SI,"AGRICULTURA, GANADERÍA, SILVICULTURA Y PESCA"
011303,CULTIVO DE OTROS TUBÉRCULOS (EXCEPTO PAPAS Y CAMOTES),SI,"AGRICULTURA, GANADERÍA, SILVICULTURA Y PESCA"
011304,CULTIVO DE REMOLACHA AZUCARERA,SI,"AGRICULTURA, GANADERÍA, SILVICULTURA Y PESCA"
011305,CULTIVO DE SEMILLAS DE HORTALIZAS,SI,"AGRICULTURA, GANADERÍA, SILVICULTURA Y PESCA"
011306,CULTIVO DE HORTALIZAS Y MELONES,SI,"AGRICULTURA, GANADERÍA, SILVICULTURA Y PESCA"
011400,CULTIVO DE CAÑA DE AZÚCAR,SI,"AGRICULTURA, GANADERÍA, SILVICULTURA Y PESCA"
011500,CULTIVO DE TABACO,SI,"AGRICULTURA, GANADERÍA, SILVICULTURA Y PESCA"
011600,CULTIVO DE PLANTAS DE FIBRA,SI,"AGRICULTURA, GANADERÍA, SILVICULTURA Y PESCA"
011901,CULTIVO DE FLORES,SI,"AGRICULTURA, GANADERÍA, SILVICULTURA Y PESCA"
011902,CULTIVOS FORRAJEROS EN PRADERAS MEJORADAS O SEMBRADAS; CULTIVOS SUPLEMENTARIOS FORRAJEROS,SI,"AGRICULTURA, GANADERÍA, SILVICULTURA Y PESCA"
011903,CULTIVOS DE SEMILLAS DE FLORES; CULTIVO DE SEMILLAS DE PLANTAS FORRAJERAS,SI,"AGRICULTURA, GANADERÍA, SILVICULTURA Y PESCA"
012111,CULTIVO DE UVA DESTINADA A LA PRODUCCIÓN DE PISCO Y AGUARDIENTE,SI,"AGRICULTURA, GANADERÍA, SILVICULTURA Y PESCA"
012112,CULTIVO DE UVA DESTINADA A LA PRODUCCIÓN DE VINO,SI,"AGRICULTURA, GANADERÍA, SILVICULTURA Y PESCA"
012120,CULTIVO DE UVA PARA MESA,SI,"AGRICULTURA, GANADERÍA, SILVICULTURA Y PESCA"
012200,CULTIVO DE FRUTAS TROPICALES Y SUBTROPICALES (INCLUYE EL CULTIVO DE PALTAS),SI,"AGRICULTURA, GANADERÍA, SILVICULTURA Y PESCA"
012300,CULTIVO DE CÍTRICOS,SI,"AGRICULTURA, GANADERÍA, SILVICULTURA Y PESCA"
012400,CULTIVO DE FRUTAS DE PEPITA Y DE HUESO,SI,"AGRICULTURA, GANADERÍA, SILVICULTURA Y PESCA"
012501,CULTIVO DE SEMILLAS DE FRUTAS,SI,"AGRICULTURA, GANADERÍA, SILVICULTURA Y PESCA"
012502,CULTIVO DE OTROS FRUTOS Y NUECES DE ÁRBOLES Y ARBUSTOS,SI,"AGRICULTURA, GANADERÍA, SILVICULTURA Y PESCA"
012600,CULTIVO DE FRUTOS OLEAGINOSOS (INCLUYE EL CULTIVO DE ACEITUNAS),SI,"AGRICULTURA, GANADERÍA, SILVICULTURA Y PESCA"
012700,"CULTIVO DE PLANTAS CON LAS QUE SE PREPARAN BEBIDAS (INCLUYE EL CULTIVO DE CAFÉ, TÉ Y MATE)",SI,"AGRICULTURA, GANADERÍA, SILVICULTURA Y PESCA"
012801,CULTIVO DE ESPECIAS,SI,"AGRICULTURA, GANADERÍA, SILVICULTURA Y PESCA"
012802,"CULTIVO DE PLANTAS AROMÁTICAS, MEDICINALES Y FARMACÉUTICAS",SI,"AGRICULTURA, GANADERÍA, SILVICULTURA Y PESCA"
012900,CULTIVO DE OTRAS PLANTAS PERENNES,SI,"AGRICULTURA, GANADERÍA, SILVICULTURA Y PESCA"
013000,CULTIVO DE PLANTAS VIVAS INCLUIDA LA PRODUCCIÓN EN VIVEROS (EXCEPTO VIVEROS FORESTALES),SI,"AGRICULTURA, GANADERÍA, SILVICULTURA Y PESCA"
014101,CRÍA DE GANADO BOVINO PARA LA PRODUCCIÓN LECHERA,SI,"AGRICULTURA, GANADERÍA, SILVICULTURA Y PESCA"
014102,CRÍA DE GANADO BOVINO PARA LA PRODUCCIÓN DE CARNE O COMO GANADO REPRODUCTOR,SI,"AGRICULTURA, GANADERÍA, SILVICULTURA Y PESCA"
014200,CRÍA DE CABALLOS Y OTROS EQUINOS,SI,"AGRICULTURA, GANADERÍA, SILVICULTURA Y PESCA"
014300,"CRÍA DE LLAMAS, ALPACAS, VICUÑAS, GUANACOS Y OTROS CAMÉLIDOS",SI,"AGRICULTURA, GANADERÍA, SILVICULTURA Y PESCA"
014410,CRÍA DE OVEJAS (OVINOS),SI,"AGRICULTURA, GANADERÍA, SILVICULTURA Y PESCA"
014420,CRÍA DE CABRAS (CAPRINOS),SI,"AGRICULTURA, GANADERÍA, SILVICULTURA Y PESCA"
014500,CRÍA DE CERDOS,SI,"AGRICULTURA, GANADERÍA, SILVICULTURA Y PESCA"
014601,CRÍA DE AVES DE CORRAL PARA LA PRODUCCIÓN DE CARNE,SI,"AGRICULTURA, GANADERÍA, SILVICULTURA Y PESCA"
014602,CRÍA DE AVES DE CORRAL PARA LA PRODUCCIÓN DE HUEVOS,SI,"AGRICULTURA, GANADERÍA, SILVICULTURA Y PESCA"
014901,APICULTURA,SI,"AGRICULTURA, GANADERÍA, SILVICULTURA Y PESCA"
014909,CRÍA DE OTROS ANIMALES N.C.P.,SI,"AGRICULTURA, GANADERÍA, SILVICULTURA Y PESCA"
015000,CULTIVO DE PRODUCTOS AGRÍCOLAS EN COMBINACIÓN CON LA CRÍA DE ANIMALES (EXPLOTACIÓN MIXTA),SI,"AGRICULTURA, GANADERÍA, SILVICULTURA Y PESCA"
016100,ACTIVIDADES DE APOYO A LA AGRICULTURA,SI,"AGRICULTURA, GANADERÍA, SILVICULTURA Y PESCA"
016200,ACTIVIDADES DE APOYO A LA GANADERÍA,SI,"AGRICULTURA, GANADERÍA, SILVICULTURA Y PESCA"
016300,ACTIVIDADES POSCOSECHA,SI,"AGRICULTURA, GANADERÍA, SILVICULTURA Y PESCA"
016400,TRATAMIENTO DE SEMILLAS PARA PROPAGACIÓN,SI,"AGRICULTURA, GANADERÍA, SILVICULTURA Y PESCA"
017000,CAZA ORDINARIA Y MEDIANTE TRAMPAS Y ACTIVIDADES DE SERVICIOS CONEXAS,SI,"AGRICULTURA, GANADERÍA, SILVICULTURA Y PESCA"
021001,EXPLOTACIÓN DE VIVEROS FORESTALES,SI,"AGRICULTURA, GANADERÍA, SILVICULTURA Y PESCA"
021002,SILVICULTURA Y OTRAS ACTIVIDADES FORESTALES (EXCEPTO EXPLOTACIÓN DE VIVEROS FORESTALES),SI,"AGRICULTURA, GANADERÍA, SILVICULTURA Y PESCA"
022000,EXTRACCIÓN DE MADERA,SI,"AGRICULTURA, GANADERÍA, SILVICULTURA Y PESCA"
023000,RECOLECCIÓN DE PRODUCTOS FORESTALES DISTINTOS DE LA MADERA,SI,"AGRICULTURA, GANADERÍA, SILVICULTURA Y PESCA"
024001,SERVICIOS DE FORESTACIÓN A CAMBIO DE UNA RETRIBUCIÓN O POR CONTRATA,SI,"AGRICULTURA, GANADERÍA, SILVICULTURA Y PESCA"
024002,SERVICIOS DE CORTA DE MADERA A CAMBIO DE UNA RETRIBUCIÓN O POR CONTRATA,SI,"AGRICULTURA, GANADERÍA, SILVICULTURA Y PESCA"
024003,SERVICIOS DE EXTINCIÓN Y PREVENCIÓN DE INCENDIOS FORESTALES,SI,"AGRICULTURA, GANADERÍA, SILVICULTURA Y PESCA"
024009,OTROS SERVICIOS DE APOYO A LA SILVICULTURA N.C.P.,SI,"AGRICULTURA, GANADERÍA, SILVICULTURA Y PESCA"
031110,"PESCA MARÍTIMA INDUSTRIAL, EXCEPTO DE BARCOS FACTORÍA",SI,"AGRICULTURA, GANADERÍA, SILVICULTURA Y PESCA"
031120,PESCA MARÍTIMA ARTESANAL,SI,"AGRICULTURA, GANADERÍA, SILVICULTURA Y PESCA"
031130,RECOLECCIÓN Y EXTRACCIÓN DE PRODUCTOS MARINOS,SI,"AGRICULTURA, GANADERÍA, SILVICULTURA Y PESCA"
031140,SERVICIOS RELACIONADOS CON LA PESCA MARÍTIMA,SI,"AGRICULTURA, GANADERÍA, SILVICULTURA Y PESCA"
031200,PESCA DE AGUA DULCE,SI,"AGRICULTURA, GANADERÍA, SILVICULTURA Y PESCA"
032110,CULTIVO Y CRIANZA DE PECES MARINOS,SI,"AGRICULTURA, GANADERÍA, SILVICULTURA Y PESCA"
032120,"CULTIVO, REPRODUCCIÓN Y MANEJO DE ALGAS MARINAS",SI,"AGRICULTURA, GANADERÍA, SILVICULTURA Y PESCA"
032130,"REPRODUCCIÓN Y CRÍA DE MOLUSCOS, CRUSTÁCEOS Y GUSANOS MARINOS",SI,"AGRICULTURA, GANADERÍA, SILVICULTURA Y PESCA"
032140,SERVICIOS RELACIONADOS CON LA ACUICULTURA MARINA,SI,"AGRICULTURA, GANADERÍA, SILVICULTURA Y PESCA"
032200,ACUICULTURA DE AGUA DULCE,SI,"AGRICULTURA, GANADERÍA, SILVICULTURA Y PESCA"
040000,EXTRACCIÓN Y PROCESAMIENTO DE COBRE,SI,EXPLOTACIÓN DE MINAS Y CANTERAS
051000,EXTRACCIÓN DE CARBÓN DE PIEDRA,SI,EXPLOTACIÓN DE MINAS Y CANTERAS
052000,EXTRACCIÓN DE LIGNITO,SI,EXPLOTACIÓN DE MINAS Y CANTERAS
061000,EXTRACCIÓN DE PETRÓLEO CRUDO,SI,EXPLOTACIÓN DE MINAS Y CANTERAS
062000,EXTRACCIÓN DE GAS NATURAL,SI,EXPLOTACIÓN DE MINAS Y CANTERAS
071000,EXTRACCIÓN DE MINERALES DE HIERRO,SI,EXPLOTACIÓN DE MINAS Y CANTERAS
072100,EXTRACCIÓN DE MINERALES DE URANIO Y TORIO,SI,EXPLOTACIÓN DE MINAS Y CANTERAS
072910,EXTRACCIÓN DE ORO Y PLATA,SI,EXPLOTACIÓN DE MINAS Y CANTERAS
072991,EXTRACCIÓN DE ZINC Y PLOMO,SI,EXPLOTACIÓN DE MINAS Y CANTERAS
072992,EXTRACCIÓN DE MANGANESO,SI,EXPLOTACIÓN DE MINAS Y CANTERAS
072999,"EXTRACCIÓN DE OTROS MINERALES METALÍFEROS NO FERROSOS N.C.P. (EXCEPTO ZINC, PLOMO Y MANGANESO)",NO,EXPLOTACIÓN DE MINAS Y CANTERAS
081000,"EXTRACCIÓN DE PIEDRA, ARENA Y ARCILLA",SI,EXPLOTACIÓN DE MINAS Y CANTERAS
089110,EXTRACCIÓN Y PROCESAMIENTO DE LITIO,SI,EXPLOTACIÓN DE MINAS Y CANTERAS
089190,EXTRACCIÓN DE MINERALES PARA LA FABRICACIÓN DE ABONOS Y PRODUCTOS QUÍMICOS N.C.P.,SI,EXPLOTACIÓN DE MINAS Y CANTERAS
089200,EXTRACCIÓN DE TURBA,SI,EXPLOTACIÓN DE MINAS Y CANTERAS
089300,EXTRACCIÓN DE SAL,SI,EXPLOTACIÓN DE MINAS Y CANTERAS
089900,EXPLOTACIÓN DE OTRAS MINAS Y CANTERAS N.C.P.,SI,EXPLOTACIÓN DE MINAS Y CANTERAS
091001,ACTIVIDADES DE APOYO PARA LA EXTRACCIÓN DE PETRÓLEO Y GAS NATURAL PRESTADOS POR EMPRESAS,SI,EXPLOTACIÓN DE MINAS Y CANTERAS
091002,ACTIVIDADES DE APOYO PARA LA EXTRACCIÓN DE PETRÓLEO Y GAS NATURAL PRESTADOS POR PROFESIONALES,G,EXPLOTACIÓN DE MINAS Y CANTERAS
099001,ACTIVIDADES DE APOYO PARA LA EXPLOTACIÓN DE OTRAS MINAS Y CANTERAS PRESTADOS POR EMPRESAS,SI,EXPLOTACIÓN DE MINAS Y CANTERAS
099002,ACTIVIDADES DE APOYO PARA LA EXPLOTACIÓN DE OTRAS MINAS Y CANTERAS PRESTADOS POR PROFESIONALES,G,EXPLOTACIÓN DE MINAS Y CANTERAS
101011,"EXPLOTACIÓN DE MATADEROS DE BOVINOS, OVINOS, EQUINOS, CAPRINOS, PORCINOS Y CAMÉLIDOS",SI,INDUSTRIA MANUFACTURERA
101019,EXPLOTACIÓN DE MATADEROS DE AVES Y DE OTROS TIPOS DE ANIMALES N.C.P.,SI,INDUSTRIA MANUFACTURERA
101020,ELABORACIÓN Y CONSERVACIÓN DE CARNE Y PRODUCTOS CÁRNICOS,SI,INDUSTRIA MANUFACTURERA
102010,PRODUCCIÓN DE HARINA DE PESCADO,SI,INDUSTRIA MANUFACTURERA
102020,ELABORACIÓN Y CONSERVACIÓN DE SALMÓNIDOS,SI,INDUSTRIA MANUFACTURERA
102030,"ELABORACIÓN Y CONSERVACIÓN DE OTROS PESCADOS, EN PLANTAS EN TIERRA (EXCEPTO BARCOS FACTORÍA)",SI,INDUSTRIA MANUFACTURERA
102040,"ELABORACIÓN Y CONSERVACIÓN DE CRUSTÁCEOS, MOLUSCOS Y OTROS PRODUCTOS ACUÁTICOS, EN PLANTAS EN TIERRA",SI,INDUSTRIA MANUFACTURERA
102050,"ACTIVIDADES DE ELABORACIÓN Y CONSERVACIÓN DE PESCADO, REALIZADAS EN BARCOS FACTORÍA",SI,INDUSTRIA MANUFACTURERA
102060,ELABORACIÓN Y PROCESAMIENTO DE ALGAS,SI,INDUSTRIA MANUFACTURERA
103000,"ELABORACIÓN Y CONSERVACIÓN DE FRUTAS, LEGUMBRES Y HORTALIZAS",SI,INDUSTRIA MANUFACTURERA
104000,ELABORACIÓN DE ACEITES Y GRASAS DE ORIGEN VEGETAL Y ANIMAL (EXCEPTO ELABORACIÓN DE MANTEQUILLA),SI,INDUSTRIA MANUFACTURERA
105000,ELABORACIÓN DE PRODUCTOS LÁCTEOS,SI,INDUSTRIA MANUFACTURERA
106101,"MOLIENDA DE TRIGO: PRODUCCIÓN DE HARINA, SÉMOLA Y GRÁNULOS",SI,INDUSTRIA MANUFACTURERA
106102,MOLIENDA DE ARROZ; PRODUCCIÓN DE HARINA DE ARROZ,SI,INDUSTRIA MANUFACTURERA
106109,ELABORACIÓN DE OTROS PRODUCTOS DE MOLINERÍA N.C.P.,SI,INDUSTRIA MANUFACTURERA
106200,ELABORACIÓN DE ALMIDONES Y PRODUCTOS DERIVADOS DEL ALMIDÓN,SI,INDUSTRIA MANUFACTURERA
107100,ELABORACIÓN DE PRODUCTOS DE PANADERÍA Y PASTELERÍA,SI,INDUSTRIA MANUFACTURERA
107200,ELABORACIÓN DE AZÚCAR,SI,INDUSTRIA MANUFACTURERA
107300,"ELABORACIÓN DE CACAO, CHOCOLATE Y DE PRODUCTOS DE CONFITERÍA",SI,INDUSTRIA MANUFACTURERA
107400,"ELABORACIÓN DE MACARRONES, FIDEOS, ALCUZCUZ Y PRODUCTOS FARINÁCEOS SIMILARES",SI,INDUSTRIA MANUFACTURERA
107500,"ELABORACIÓN DE COMIDAS Y PLATOS PREPARADOS ENVASADOS, ROTULADOS Y CON INFORMACIÓN NUTRICIONAL",SI,INDUSTRIA MANUFACTURERA
107901,"ELABORACIÓN DE TÉ, CAFÉ, MATE E INFUSIONES DE HIERBAS",SI,INDUSTRIA MANUFACTURERA
107902,ELABORACIÓN DE LEVADURAS NATURALES O ARTIFICIALES,SI,INDUSTRIA MANUFACTURERA
107903,"ELABORACIÓN DE VINAGRES, MOSTAZAS, MAYONESAS Y CONDIMENTOS EN GENERAL",SI,INDUSTRIA MANUFACTURERA
107909,ELABORACIÓN DE OTROS PRODUCTOS ALIMENTICIOS N.C.P.,SI,INDUSTRIA MANUFACTURERA
108000,ELABORACIÓN DE PIENSOS PREPARADOS PARA ANIMALES,SI,INDUSTRIA MANUFACTURERA
110110,ELABORACIÓN DE PISCO (INDUSTRIAS PISQUERAS),SI,INDUSTRIA MANUFACTURERA
110120,"DESTILACIÓN, RECTIFICACIÓN Y MEZCLAS DE BEBIDAS ALCOHÓLICAS; EXCEPTO PISCO",SI,INDUSTRIA MANUFACTURERA
110200,ELABORACIÓN DE VINOS,SI,INDUSTRIA MANUFACTURERA
110300,ELABORACIÓN DE BEBIDAS MALTEADAS Y DE MALTA,SI,INDUSTRIA MANUFACTURERA
110401,ELABORACIÓN DE BEBIDAS NO ALCOHÓLICAS,NO,INDUSTRIA MANUFACTURERA
110402,PRODUCCIÓN DE AGUAS MINERALES Y OTRAS AGUAS EMBOTELLADAS,SI,INDUSTRIA MANUFACTURERA
120001,ELABORACIÓN DE CIGARROS Y CIGARRILLOS,SI,INDUSTRIA MANUFACTURERA
120009,ELABORACIÓN DE OTROS PRODUCTOS DE TABACO N.C.P.,SI,INDUSTRIA MANUFACTURERA
131100,PREPARACIÓN E HILATURA DE FIBRAS TEXTILES,SI,INDUSTRIA MANUFACTURERA
131200,TEJEDURA DE PRODUCTOS TEXTILES,SI,INDUSTRIA MANUFACTURERA
131300,ACABADO DE PRODUCTOS TEXTILES,SI,INDUSTRIA MANUFACTURERA
139100,FABRICACIÓN DE TEJIDOS DE PUNTO Y GANCHILLO,SI,INDUSTRIA MANUFACTURERA
139200,"FABRICACIÓN DE ARTÍCULOS CONFECCIONADOS DE MATERIALES TEXTILES, EXCEPTO PRENDAS DE VESTIR",SI,INDUSTRIA MANUFACTURERA
139300,FABRICACIÓN DE TAPICES Y ALFOMBRAS,SI,INDUSTRIA MANUFACTURERA
139400,"FABRICACIÓN DE CUERDAS, CORDELES, BRAMANTES Y REDES",SI,INDUSTRIA MANUFACTURERA
139900,FABRICACIÓN DE OTROS PRODUCTOS TEXTILES N.C.P.,SI,INDUSTRIA MANUFACTURERA
141001,FABRICACIÓN DE PRENDAS DE VESTIR DE MATERIALES TEXTILES Y SIMILARES,SI,INDUSTRIA MANUFACTURERA
141002,FABRICACIÓN DE PRENDAS DE VESTIR DE CUERO NATURAL O ARTIFICIAL,SI,INDUSTRIA MANUFACTURERA
141003,FABRICACIÓN DE ACCESORIOS DE VESTIR,SI,INDUSTRIA MANUFACTURERA
141004,FABRICACIÓN DE ROPA DE TRABAJO,SI,INDUSTRIA MANUFACTURERA
142000,FABRICACIÓN DE ARTÍCULOS DE PIEL,SI,INDUSTRIA MANUFACTURERA
143000,FABRICACIÓN DE ARTÍCULOS DE PUNTO Y GANCHILLO,SI,INDUSTRIA MANUFACTURERA
151100,CURTIDO Y ADOBO DE CUEROS; ADOBO Y TEÑIDO DE PIELES,SI,INDUSTRIA MANUFACTURERA
151200,"FABRICACIÓN DE MALETAS, BOLSOS Y ARTÍCULOS SIMILARES, ARTÍCULOS DE TALABARTERÍA Y GUARNICIONERÍA",SI,INDUSTRIA MANUFACTURERA
152000,FABRICACIÓN DE CALZADO,SI,INDUSTRIA MANUFACTURERA
161000,ASERRADO Y ACEPILLADURA DE MADERA,SI,INDUSTRIA MANUFACTURERA
162100,FABRICACIÓN DE HOJAS DE MADERA PARA ENCHAPADO Y TABLEROS A BASE DE MADERA,SI,INDUSTRIA MANUFACTURERA
162200,FABRICACIÓN DE PARTES Y PIEZAS DE CARPINTERÍA PARA EDIFICIOS Y CONSTRUCCIONES,SI,INDUSTRIA MANUFACTURERA
162300,FABRICACIÓN DE RECIPIENTES DE MADERA,SI,INDUSTRIA MANUFACTURERA
162900,"FABRICACIÓN DE OTROS PRODUCTOS DE MADERA, DE ARTÍCULOS DE CORCHO, PAJA Y MATERIALES TRENZABLES",SI,INDUSTRIA MANUFACTURERA
170110,FABRICACIÓN DE CELULOSA Y OTRAS PASTAS DE MADERA,SI,INDUSTRIA MANUFACTURERA
170190,FABRICACIÓN DE PAPEL Y CARTÓN PARA SU POSTERIOR USO INDUSTRIAL N.C.P.,SI,INDUSTRIA MANUFACTURERA
170200,FABRICACIÓN DE PAPEL Y CARTÓN ONDULADO Y DE ENVASES DE PAPEL Y CARTÓN,SI,INDUSTRIA MANUFACTURERA
170900,FABRICACIÓN DE OTROS ARTÍCULOS DE PAPEL Y CARTÓN,SI,INDUSTRIA MANUFACTURERA
181101,IMPRESIÓN DE LIBROS,SI,INDUSTRIA MANUFACTURERA
181109,OTRAS ACTIVIDADES DE IMPRESIÓN N.C.P.,SI,INDUSTRIA MANUFACTURERA
181200,ACTIVIDADES DE SERVICIOS RELACIONADAS CON LA IMPRESIÓN,SI,INDUSTRIA MANUFACTURERA
182000,REPRODUCCIÓN DE GRABACIONES,SI,INDUSTRIA MANUFACTURERA
191000,FABRICACIÓN DE PRODUCTOS DE HORNOS DE COQUE,SI,INDUSTRIA MANUFACTURERA
192000,FABRICACIÓN DE PRODUCTOS DE LA REFINACIÓN DEL PETRÓLEO,SI,INDUSTRIA MANUFACTURERA
201101,FABRICACIÓN DE CARBÓN VEGETAL (EXCEPTO ACTIVADO); FABRICACIÓN DE BRIQUETAS DE CARBÓN VEGETAL,SI,INDUSTRIA MANUFACTURERA
201109,FABRICACIÓN DE OTRAS SUSTANCIAS QUÍMICAS BÁSICAS N.C.P.,SI,INDUSTRIA MANUFACTURERA
201200,FABRICACIÓN DE ABONOS Y COMPUESTOS DE NITRÓGENO,SI,INDUSTRIA MANUFACTURERA
201300,FABRICACIÓN DE PLÁSTICOS Y CAUCHO SINTÉTICO EN FORMAS PRIMARIAS,SI,INDUSTRIA MANUFACTURERA
202100,FABRICACIÓN DE PLAGUICIDAS Y OTROS PRODUCTOS QUÍMICOS DE USO AGROPECUARIO,SI,INDUSTRIA MANUFACTURERA
202200,"FABRICACIÓN DE PINTURAS, BARNICES Y PRODUCTOS DE REVESTIMIENTO, TINTAS DE IMPRENTA Y MASILLAS",SI,INDUSTRIA MANUFACTURERA
202300,"FABRICACIÓN DE JABONES Y DETERGENTES, PREPARADOS PARA LIMPIAR, PERFUMES Y PREPARADOS DE TOCADOR",SI,INDUSTRIA MANUFACTURERA
202901,FABRICACIÓN DE EXPLOSIVOS Y PRODUCTOS PIROTÉCNICOS,SI,INDUSTRIA MANUFACTURERA
202909,FABRICACIÓN DE OTROS PRODUCTOS QUÍMICOS N.C.P.,SI,INDUSTRIA MANUFACTURERA
203000,FABRICACIÓN DE FIBRAS ARTIFICIALES,SI,INDUSTRIA MANUFACTURERA
210000,"FABRICACIÓN DE PRODUCTOS FARMACÉUTICOS, SUSTANCIAS QUÍMICAS MEDICINALES Y PRODUCTOS BOTÁNICOS",SI,INDUSTRIA MANUFACTURERA
221100,FABRICACIÓN DE CUBIERTAS Y CÁMARAS DE CAUCHO; RECAUCHUTADO Y RENOVACIÓN DE CUBIERTAS DE CAUCHO,SI,INDUSTRIA MANUFACTURERA
221900,FABRICACIÓN DE OTROS PRODUCTOS DE CAUCHO,SI,INDUSTRIA MANUFACTURERA
222000,FABRICACIÓN DE PRODUCTOS DE PLÁSTICO,SI,INDUSTRIA MANUFACTURERA
231001,FABRICACIÓN DE VIDRIO PLANO,SI,INDUSTRIA MANUFACTURERA
231002,FABRICACIÓN DE VIDRIO HUECO,SI,INDUSTRIA MANUFACTURERA
231003,FABRICACIÓN DE FIBRAS DE VIDRIO,SI,INDUSTRIA MANUFACTURERA
231009,FABRICACIÓN DE PRODUCTOS DE VIDRIO N.C.P.,SI,INDUSTRIA MANUFACTURERA
239100,FABRICACIÓN DE PRODUCTOS REFRACTARIOS,SI,INDUSTRIA MANUFACTURERA
239200,FABRICACIÓN DE MATERIALES DE CONSTRUCCIÓN DE ARCILLA,SI,INDUSTRIA MANUFACTURERA
239300,FABRICACIÓN DE OTROS PRODUCTOS DE PORCELANA Y DE CERÁMICA,SI,INDUSTRIA MANUFACTURERA
239400,"FABRICACIÓN DE CEMENTO, CAL Y YESO",SI,INDUSTRIA MANUFACTURERA
239500,"FABRICACIÓN DE ARTÍCULOS DE HORMIGÓN, CEMENTO Y YESO",SI,INDUSTRIA MANUFACTURERA
239600,"CORTE, TALLA Y ACABADO DE LA PIEDRA",SI,INDUSTRIA MANUFACTURERA
239900,FABRICACIÓN DE OTROS PRODUCTOS MINERALES NO METÁLICOS N.C.P.,NO,INDUSTRIA MANUFACTURERA
241000,INDUSTRIAS BÁSICAS DE HIERRO Y ACERO,SI,INDUSTRIA MANUFACTURERA
242001,FABRICACIÓN DE PRODUCTOS PRIMARIOS DE COBRE,SI,INDUSTRIA MANUFACTURERA
242002,FABRICACIÓN DE PRODUCTOS PRIMARIOS DE ALUMINIO,SI,INDUSTRIA MANUFACTURERA
242009,FABRICACIÓN DE PRODUCTOS PRIMARIOS DE METALES PRECIOSOS Y DE OTROS METALES NO FERROSOS N.C.P.,NO,INDUSTRIA MANUFACTURERA
243100,FUNDICIÓN DE HIERRO Y ACERO,SI,INDUSTRIA MANUFACTURERA
243200,FUNDICIÓN DE METALES NO FERROSOS,NO,INDUSTRIA MANUFACTURERA
251100,FABRICACIÓN DE PRODUCTOS METÁLICOS PARA USO ESTRUCTURAL,SI,INDUSTRIA MANUFACTURERA
251201,FABRICACIÓN DE RECIPIENTES DE METAL PARA GASES COMPRIMIDOS O LICUADOS,SI,INDUSTRIA MANUFACTURERA
251209,"FABRICACIÓN DE TANQUES, DEPÓSITOS Y RECIPIENTES DE METAL N.C.P.",SI,INDUSTRIA MANUFACTURERA
251300,"FABRICACIÓN DE GENERADORES DE VAPOR, EXCEPTO CALDERAS DE AGUA CALIENTE PARA CALEFACCIÓN CENTRAL",SI,INDUSTRIA MANUFACTURERA
252000,FABRICACIÓN DE ARMAS Y MUNICIONES,SI,INDUSTRIA MANUFACTURERA
259100,"FORJA, PRENSADO, ESTAMPADO Y LAMINADO DE METALES; PULVIMETALURGIA",SI,INDUSTRIA MANUFACTURERA
259200,TRATAMIENTO Y REVESTIMIENTO DE METALES; MAQUINADO,SI,INDUSTRIA MANUFACTURERA
259300,"FABRICACIÓN DE ARTÍCULOS DE CUCHILLERÍA, HERRAMIENTAS DE MANO Y ARTÍCULOS DE FERRETERÍA",SI,INDUSTRIA MANUFACTURERA
259900,FABRICACIÓN DE OTROS PRODUCTOS ELABORADOS DE METAL N.C.P.,SI,INDUSTRIA MANUFACTURERA
261000,FABRICACIÓN DE COMPONENTES Y TABLEROS ELECTRÓNICOS,SI,INDUSTRIA MANUFACTURERA
262000,FABRICACIÓN DE COMPUTADORES Y EQUIPO PERIFÉRICO,SI,INDUSTRIA MANUFACTURERA
263000,FABRICACIÓN DE EQUIPO DE COMUNICACIONES,SI,INDUSTRIA MANUFACTURERA
264000,FABRICACIÓN DE APARATOS ELECTRÓNICOS DE CONSUMO,SI,INDUSTRIA MANUFACTURERA
265100,"FABRICACIÓN DE EQUIPO DE MEDICIÓN, PRUEBA, NAVEGACIÓN Y CONTROL",SI,INDUSTRIA MANUFACTURERA
265200,FABRICACIÓN DE RELOJES,SI,INDUSTRIA MANUFACTURERA
266000,FABRICACIÓN DE EQUIPO DE IRRADIACIÓN Y EQUIPO ELECTRÓNICO DE USO MÉDICO Y TERAPÉUTICO,SI,INDUSTRIA MANUFACTURERA
267000,FABRICACIÓN DE INSTRUMENTOS ÓPTICOS Y EQUIPO FOTOGRÁFICO,SI,INDUSTRIA MANUFACTURERA
268000,FABRICACIÓN DE SOPORTES MAGNÉTICOS Y ÓPTICOS,SI,INDUSTRIA MANUFACTURERA
271000,"FABRICACIÓN DE MOTORES, GENERADORES Y TRANSFORMADORES ELÉCTRICOS, APARATOS DE DISTRIBUCIÓN Y CONTROL",SI,INDUSTRIA MANUFACTURERA
272000,"FABRICACIÓN DE PILAS, BATERÍAS Y ACUMULADORES",SI,INDUSTRIA MANUFACTURERA
273100,FABRICACIÓN DE CABLES DE FIBRA ÓPTICA,SI,INDUSTRIA MANUFACTURERA
273200,FABRICACIÓN DE OTROS HILOS Y CABLES ELÉCTRICOS,SI,INDUSTRIA MANUFACTURERA
273300,FABRICACIÓN DE DISPOSITIVOS DE CABLEADO,SI,INDUSTRIA MANUFACTURERA
274000,FABRICACIÓN DE EQUIPO ELÉCTRICO DE ILUMINACIÓN,SI,INDUSTRIA MANUFACTURERA
275000,FABRICACIÓN DE APARATOS DE USO DOMÉSTICO,SI,INDUSTRIA MANUFACTURERA
279000,FABRICACIÓN DE OTROS TIPOS DE EQUIPO ELÉCTRICO,SI,INDUSTRIA MANUFACTURERA
281100,"FABRICACIÓN DE MOTORES Y TURBINAS, EXCEPTO PARA AERONAVES, VEHÍCULOS AUTOMOTORES Y MOTOCICLETAS",SI,INDUSTRIA MANUFACTURERA
281200,FABRICACIÓN DE EQUIPO DE PROPULSIÓN DE FLUIDOS,SI,INDUSTRIA MANUFACTURERA
281300,"FABRICACIÓN DE OTRAS BOMBAS, COMPRESORES, GRIFOS Y VÁLVULAS",SI,INDUSTRIA MANUFACTURERA
281400,"FABRICACIÓN DE COJINETES, ENGRANAJES, TRENES DE ENGRANAJES Y PIEZAS DE TRANSMISIÓN",SI,INDUSTRIA MANUFACTURERA
281500,"FABRICACIÓN DE HORNOS, CALDERAS Y QUEMADORES",SI,INDUSTRIA MANUFACTURERA
281600,FABRICACIÓN DE EQUIPO DE ELEVACIÓN Y MANIPULACIÓN,SI,INDUSTRIA MANUFACTURERA
281700,FABRICACIÓN DE MAQUINARIA Y EQUIPO DE OFICINA (EXCEPTO COMPUTADORES Y EQUIPO PERIFÉRICO),SI,INDUSTRIA MANUFACTURERA
281800,FABRICACIÓN DE HERRAMIENTAS DE MANO MOTORIZADAS,SI,INDUSTRIA MANUFACTURERA
281900,FABRICACIÓN DE OTROS TIPOS DE MAQUINARIA DE USO GENERAL,SI,INDUSTRIA MANUFACTURERA
282100,FABRICACIÓN DE MAQUINARIA AGROPECUARIA Y FORESTAL,SI,INDUSTRIA MANUFACTURERA
282200,FABRICACIÓN DE MAQUINARIA PARA LA CONFORMACIÓN DE METALES Y DE MÁQUINAS HERRAMIENTA,SI,INDUSTRIA MANUFACTURERA
282300,FABRICACIÓN DE MAQUINARIA METALÚRGICA,SI,INDUSTRIA MANUFACTURERA
282400,FABRICACIÓN DE MAQUINARIA PARA LA EXPLOTACIÓN DE MINAS Y CANTERAS Y PARA OBRAS DE CONSTRUCCIÓN,SI,INDUSTRIA MANUFACTURERA
282500,"FABRICACIÓN DE MAQUINARIA PARA LA ELABORACIÓN DE ALIMENTOS, BEBIDAS Y TABACO",SI,INDUSTRIA MANUFACTURERA
282600,"FABRICACIÓN DE MAQUINARIA PARA LA ELABORACIÓN DE PRODUCTOS TEXTILES, PRENDAS DE VESTIR Y CUEROS",SI,INDUSTRIA MANUFACTURERA
282900,FABRICACIÓN DE OTROS TIPOS DE MAQUINARIA DE USO ESPECIAL,SI,INDUSTRIA MANUFACTURERA
291000,FABRICACIÓN DE VEHÍCULOS AUTOMOTORES,SI,INDUSTRIA MANUFACTURERA
292000,FABRICACIÓN DE CARROCERÍAS PARA VEHÍCULOS AUTOMOTORES; FABRICACIÓN DE REMOLQUES Y SEMIRREMOLQUES,SI,INDUSTRIA MANUFACTURERA
293000,"FABRICACIÓN DE PARTES, PIEZAS Y ACCESORIOS PARA VEHÍCULOS AUTOMOTORES",SI,INDUSTRIA MANUFACTURERA
301100,"CONSTRUCCIÓN DE BUQUES, EMBARCACIONES MENORES Y ESTRUCTURAS FLOTANTES",SI,INDUSTRIA MANUFACTURERA
301200,CONSTRUCCIÓN DE EMBARCACIONES DE RECREO Y DE DEPORTE,SI,INDUSTRIA MANUFACTURERA
302000,FABRICACIÓN DE LOCOMOTORAS Y MATERIAL RODANTE,SI,INDUSTRIA MANUFACTURERA
303000,"FABRICACIÓN DE AERONAVES, NAVES ESPACIALES Y MAQUINARIA CONEXA",SI,INDUSTRIA MANUFACTURERA
304000,FABRICACIÓN DE VEHÍCULOS MILITARES DE COMBATE,SI,INDUSTRIA MANUFACTURERA
309100,FABRICACIÓN DE MOTOCICLETAS,SI,INDUSTRIA MANUFACTURERA
309200,FABRICACIÓN DE BICICLETAS Y DE SILLAS DE RUEDAS,SI,INDUSTRIA MANUFACTURERA
309900,FABRICACIÓN DE OTROS TIPOS DE EQUIPO DE TRANSPORTE N.C.P.,SI,INDUSTRIA MANUFACTURERA
310001,FABRICACIÓN DE MUEBLES PRINCIPALMENTE DE MADERA,SI,INDUSTRIA MANUFACTURERA
310009,FABRICACIÓN DE COLCHONES; FABRICACIÓN DE OTROS MUEBLES N.C.P.,SI,INDUSTRIA MANUFACTURERA
321100,FABRICACIÓN DE JOYAS Y ARTÍCULOS CONEXOS,SI,INDUSTRIA MANUFACTURERA
321200,FABRICACIÓN DE BISUTERÍA Y ARTÍCULOS CONEXOS,SI,INDUSTRIA MANUFACTURERA
322000,FABRICACIÓN DE INSTRUMENTOS MUSICALES,SI,INDUSTRIA MANUFACTURERA
323000,FABRICACIÓN DE ARTÍCULOS DE DEPORTE,SI,INDUSTRIA MANUFACTURERA
324000,FABRICACIÓN DE JUEGOS Y JUGUETES,SI,INDUSTRIA MANUFACTURERA
325001,ACTIVIDADES DE LABORATORIOS DENTALES,SI,INDUSTRIA MANUFACTURERA
325009,"FABRICACIÓN DE INSTRUMENTOS Y MATERIALES MÉDICOS, OFTALMOLÓGICOS Y ODONTOLÓGICOS N.C.P.",SI,INDUSTRIA MANUFACTURERA
329000,OTRAS INDUSTRIAS MANUFACTURERAS N.C.P.,SI,INDUSTRIA MANUFACTURERA
331100,REPARACIÓN DE PRODUCTOS ELABORADOS DE METAL,SI,INDUSTRIA MANUFACTURERA
331201,REPARACIÓN DE MAQUINARIA AGROPECUARIA Y FORESTAL,SI,INDUSTRIA MANUFACTURERA
331202,"REPARACIÓN DE MAQUINARIA METALÚRGICA, PARA LA MINERÍA, EXTRACCIÓN DE PETRÓLEO Y PARA LA CONSTRUCCIÓN",SI,INDUSTRIA MANUFACTURERA
331203,"REPARACIÓN DE MAQUINARIA PARA LA ELABORACIÓN DE ALIMENTOS, BEBIDAS Y TABACO",SI,INDUSTRIA MANUFACTURERA
331204,"REPARACIÓN DE MAQUINARIA PARA PRODUCIR TEXTILES, PRENDAS DE VESTIR, ARTÍCULOS DE CUERO Y CALZADO",SI,INDUSTRIA MANUFACTURERA
331209,REPARACIÓN DE OTRO TIPO DE MAQUINARIA Y EQUIPOS INDUSTRIALES N.C.P.,SI,INDUSTRIA MANUFACTURERA
331301,"REPARACIÓN DE EQUIPO DE MEDICIÓN, PRUEBA, NAVEGACIÓN Y CONTROL",SI,INDUSTRIA MANUFACTURERA
331309,REPARACIÓN DE OTROS EQUIPOS ELECTRÓNICOS Y ÓPTICOS N.C.P.,SI,INDUSTRIA MANUFACTURERA
331400,REPARACIÓN DE EQUIPO ELÉCTRICO (EXCEPTO REPARACIÓN DE EQUIPO Y ENSERES DOMÉSTICOS),SI,INDUSTRIA MANUFACTURERA
331501,"REPARACIÓN DE BUQUES, EMBARCACIONES MENORES Y ESTRUCTURAS FLOTANTES",SI,INDUSTRIA MANUFACTURERA
331502,REPARACIÓN DE AERONAVES Y NAVES ESPACIALES,SI,INDUSTRIA MANUFACTURERA
331509,"REPARACIÓN DE OTROS EQUIPOS DE TRANSPORTE N.C.P., EXCEPTO VEHÍCULOS AUTOMOTORES",SI,INDUSTRIA MANUFACTURERA
331900,REPARACIÓN DE OTROS TIPOS DE EQUIPO,SI,INDUSTRIA MANUFACTURERA
332000,INSTALACIÓN DE MAQUINARIA Y EQUIPOS INDUSTRIALES,SI,INDUSTRIA MANUFACTURERA
351011,GENERACIÓN DE ENERGÍA ELÉCTRICA EN CENTRALES HIDROELÉCTRICAS,SI,"SUMINISTRO DE ELECTRICIDAD, GAS, VAPOR Y AIRE ACONDICIONADO"
351012,GENERACIÓN DE ENERGÍA ELÉCTRICA EN CENTRALES TERMOELÉCTRICAS,SI,"SUMINISTRO DE ELECTRICIDAD, GAS, VAPOR Y AIRE ACONDICIONADO"
351019,GENERACIÓN DE ENERGÍA ELÉCTRICA EN OTRAS CENTRALES N.C.P.,SI,"SUMINISTRO DE ELECTRICIDAD, GAS, VAPOR Y AIRE ACONDICIONADO"
351020,TRANSMISIÓN DE ENERGÍA ELÉCTRICA,SI,"SUMINISTRO DE ELECTRICIDAD, GAS, VAPOR Y AIRE ACONDICIONADO"
351030,DISTRIBUCIÓN DE ENERGÍA ELÉCTRICA,SI,"SUMINISTRO DE ELECTRICIDAD, GAS, VAPOR Y AIRE ACONDICIONADO"
352010,REGASIFICACIÓN DE GAS NATURAL LICUADO (GNL),SI,"SUMINISTRO DE ELECTRICIDAD, GAS, VAPOR Y AIRE ACONDICIONADO"
352020,"FABRICACIÓN DE GAS; DISTRIBUCIÓN DE COMBUSTIBLES GASEOSOS POR TUBERÍA, EXCEPTO REGASIFICACIÓN DE GNL",SI,"SUMINISTRO DE ELECTRICIDAD, GAS, VAPOR Y AIRE ACONDICIONADO"
353001,SUMINISTRO DE VAPOR Y DE AIRE ACONDICIONADO,SI,"SUMINISTRO DE ELECTRICIDAD, GAS, VAPOR Y AIRE ACONDICIONADO"
353002,ELABORACIÓN DE HIELO (EXCEPTO FABRICACIÓN DE HIELO SECO),SI,"SUMINISTRO DE ELECTRICIDAD, GAS, VAPOR Y AIRE ACONDICIONADO"
360000,"CAPTACIÓN, TRATAMIENTO Y DISTRIBUCIÓN DE AGUA",SI,"SUMINISTRO DE AGUA; EVACUACIÓN DE AGUAS RESIDUALES, GESTIÓN DE DESECHOS Y DESCONTAMINACIÓN"
370000,EVACUACIÓN Y TRATAMIENTO DE AGUAS SERVIDAS,SI,"SUMINISTRO DE AGUA; EVACUACIÓN DE AGUAS RESIDUALES, GESTIÓN DE DESECHOS Y DESCONTAMINACIÓN"
381100,RECOGIDA DE DESECHOS NO PELIGROSOS,NO,"SUMINISTRO DE AGUA; EVACUACIÓN DE AGUAS RESIDUALES, GESTIÓN DE DESECHOS Y DESCONTAMINACIÓN"
381200,RECOGIDA DE DESECHOS PELIGROSOS,SI,"SUMINISTRO DE AGUA; EVACUACIÓN DE AGUAS RESIDUALES, GESTIÓN DE DESECHOS Y DESCONTAMINACIÓN"
382100,TRATAMIENTO Y ELIMINACIÓN DE DESECHOS NO PELIGROSOS,NO,"SUMINISTRO DE AGUA; EVACUACIÓN DE AGUAS RESIDUALES, GESTIÓN DE DESECHOS Y DESCONTAMINACIÓN"
382200,TRATAMIENTO Y ELIMINACIÓN DE DESECHOS PELIGROSOS,SI,"SUMINISTRO DE AGUA; EVACUACIÓN DE AGUAS RESIDUALES, GESTIÓN DE DESECHOS Y DESCONTAMINACIÓN"
383001,RECUPERACIÓN Y RECICLAMIENTO DE DESPERDICIOS Y DESECHOS METÁLICOS,SI,"SUMINISTRO DE AGUA; EVACUACIÓN DE AGUAS RESIDUALES, GESTIÓN DE DESECHOS Y DESCONTAMINACIÓN"
383002,RECUPERACIÓN Y RECICLAMIENTO DE PAPEL,SI,"SUMINISTRO DE AGUA; EVACUACIÓN DE AGUAS RESIDUALES, GESTIÓN DE DESECHOS Y DESCONTAMINACIÓN"
383003,RECUPERACIÓN Y RECICLAMIENTO DE VIDRIO,SI,"SUMINISTRO DE AGUA; EVACUACIÓN DE AGUAS RESIDUALES, GESTIÓN DE DESECHOS Y DESCONTAMINACIÓN"
383009,RECUPERACIÓN Y RECICLAMIENTO DE OTROS DESPERDICIOS Y DESECHOS N.C.P.,SI,"SUMINISTRO DE AGUA; EVACUACIÓN DE AGUAS RESIDUALES, GESTIÓN DE DESECHOS Y DESCONTAMINACIÓN"
390000,ACTIVIDADES DE DESCONTAMINACIÓN Y OTROS SERVICIOS DE GESTIÓN DE DESECHOS,SI,"SUMINISTRO DE AGUA; EVACUACIÓN DE AGUAS RESIDUALES, GESTIÓN DE DESECHOS Y DESCONTAMINACIÓN"
410010,CONSTRUCCIÓN DE EDIFICIOS PARA USO RESIDENCIAL,SI,CONSTRUCCIÓN
410020,CONSTRUCCIÓN DE EDIFICIOS PARA USO NO RESIDENCIAL,NO,CONSTRUCCIÓN
421000,CONSTRUCCIÓN DE CARRETERAS Y LÍNEAS DE FERROCARRIL,SI,CONSTRUCCIÓN
422000,CONSTRUCCIÓN DE PROYECTOS DE SERVICIO PÚBLICO,SI,CONSTRUCCIÓN
429000,CONSTRUCCIÓN DE OTRAS OBRAS DE INGENIERÍA CIVIL,SI,CONSTRUCCIÓN
431100,DEMOLICIÓN,SI,CONSTRUCCIÓN
431200,PREPARACIÓN DEL TERRENO,SI,CONSTRUCCIÓN
432100,INSTALACIONES ELÉCTRICAS,SI,CONSTRUCCIÓN
432200,"INSTALACIONES DE GASFITERÍA, CALEFACCIÓN Y AIRE ACONDICIONADO",SI,CONSTRUCCIÓN
432900,OTRAS INSTALACIONES PARA OBRAS DE CONSTRUCCIÓN,SI,CONSTRUCCIÓN
433000,TERMINACIÓN Y ACABADO DE EDIFICIOS,SI,CONSTRUCCIÓN
439000,OTRAS ACTIVIDADES ESPECIALIZADAS DE CONSTRUCCIÓN,SI,CONSTRUCCIÓN
451001,VENTA AL POR MAYOR DE VEHÍCULOS AUTOMOTORES,SI,COMERCIO AL POR MAYOR Y AL POR MENOR; REPARACIÓN DE VEHICULOS AUTOMOTORES Y MOTOCICLETAS
451002,VENTA AL POR MENOR DE VEHÍCULOS AUTOMOTORES NUEVOS O USADOS (INCLUYE COMPRAVENTA),SI,COMERCIO AL POR MAYOR Y AL POR MENOR; REPARACIÓN DE VEHICULOS AUTOMOTORES Y MOTOCICLETAS
452001,SERVICIO DE LAVADO DE VEHÍCULOS AUTOMOTORES,SI,COMERCIO AL POR MAYOR Y AL POR MENOR; REPARACIÓN DE VEHICULOS AUTOMOTORES Y MOTOCICLETAS
452002,MANTENIMIENTO Y REPARACIÓN DE VEHÍCULOS AUTOMOTORES,SI,COMERCIO AL POR MAYOR Y AL POR MENOR; REPARACIÓN DE VEHICULOS AUTOMOTORES Y MOTOCICLETAS
453000,"VENTA DE PARTES, PIEZAS Y ACCESORIOS PARA VEHÍCULOS AUTOMOTORES",SI,COMERCIO AL POR MAYOR Y AL POR MENOR; REPARACIÓN DE VEHICULOS AUTOMOTORES Y MOTOCICLETAS
454001,VENTA DE MOTOCICLETAS,SI,COMERCIO AL POR MAYOR Y AL POR MENOR; REPARACIÓN DE VEHICULOS AUTOMOTORES Y MOTOCICLETAS
454002,"VENTA DE PARTES, PIEZAS Y ACCESORIOS DE MOTOCICLETAS",SI,COMERCIO AL POR MAYOR Y AL POR MENOR; REPARACIÓN DE VEHICULOS AUTOMOTORES Y MOTOCICLETAS
454003,MANTENIMIENTO Y REPARACIÓN DE MOTOCICLETAS,SI,COMERCIO AL POR MAYOR Y AL POR MENOR; REPARACIÓN DE VEHICULOS AUTOMOTORES Y MOTOCICLETAS
461001,CORRETAJE AL POR MAYOR DE PRODUCTOS AGRÍCOLAS,SI,COMERCIO AL POR MAYOR Y AL POR MENOR; REPARACIÓN DE VEHICULOS AUTOMOTORES Y MOTOCICLETAS
461002,CORRETAJE AL POR MAYOR DE GANADO,SI,COMERCIO AL POR MAYOR Y AL POR MENOR; REPARACIÓN DE VEHICULOS AUTOMOTORES Y MOTOCICLETAS
461009,OTROS TIPOS DE CORRETAJES O REMATES AL POR MAYOR N.C.P.,SI,COMERCIO AL POR MAYOR Y AL POR MENOR; REPARACIÓN DE VEHICULOS AUTOMOTORES Y MOTOCICLETAS
462010,VENTA AL POR MAYOR DE MATERIAS PRIMAS AGRÍCOLAS,SI,COMERCIO AL POR MAYOR Y AL POR MENOR; REPARACIÓN DE VEHICULOS AUTOMOTORES Y MOTOCICLETAS
462020,VENTA AL POR MAYOR DE ANIMALES VIVOS,SI,COMERCIO AL POR MAYOR Y AL POR MENOR; REPARACIÓN DE VEHICULOS AUTOMOTORES Y MOTOCICLETAS
462090,VENTA AL POR MAYOR DE OTRAS MATERIAS PRIMAS AGROPECUARIAS N.C.P.,SI,COMERCIO AL POR MAYOR Y AL POR MENOR; REPARACIÓN DE VEHICULOS AUTOMOTORES Y MOTOCICLETAS
463011,VENTA AL POR MAYOR DE FRUTAS Y VERDURAS,SI,COMERCIO AL POR MAYOR Y AL POR MENOR; REPARACIÓN DE VEHICULOS AUTOMOTORES Y MOTOCICLETAS
463012,VENTA AL POR MAYOR DE CARNE Y PRODUCTOS CÁRNICOS,SI,COMERCIO AL POR MAYOR Y AL POR MENOR; REPARACIÓN DE VEHICULOS AUTOMOTORES Y MOTOCICLETAS
463013,"VENTA AL POR MAYOR DE PRODUCTOS DEL MAR (PESCADOS, MARISCOS Y ALGAS)",SI,COMERCIO AL POR MAYOR Y AL POR MENOR; REPARACIÓN DE VEHICULOS AUTOMOTORES Y MOTOCICLETAS
463014,VENTA AL POR MAYOR DE PRODUCTOS DE CONFITERÍA,SI,COMERCIO AL POR MAYOR Y AL POR MENOR; REPARACIÓN DE VEHICULOS AUTOMOTORES Y MOTOCICLETAS
463019,"VENTA AL POR MAYOR DE HUEVOS, LÁCTEOS, ABARROTES Y DE OTROS ALIMENTOS N.C.P.",SI,COMERCIO AL POR MAYOR Y AL POR MENOR; REPARACIÓN DE VEHICULOS AUTOMOTORES Y MOTOCICLETAS
463020,VENTA AL POR MAYOR DE BEBIDAS ALCOHÓLICAS Y NO ALCOHÓLICAS,NO,COMERCIO AL POR MAYOR Y AL POR MENOR; REPARACIÓN DE VEHICULOS AUTOMOTORES Y MOTOCICLETAS
463030,VENTA AL POR MAYOR DE TABACO,SI,COMERCIO AL POR MAYOR Y AL POR MENOR; REPARACIÓN DE VEHICULOS AUTOMOTORES Y MOTOCICLETAS
464100,"VENTA AL POR MAYOR DE PRODUCTOS TEXTILES, PRENDAS DE VESTIR Y CALZADO",SI,COMERCIO AL POR MAYOR Y AL POR MENOR; REPARACIÓN DE VEHICULOS AUTOMOTORES Y MOTOCICLETAS
464901,"VENTA AL POR MAYOR DE MUEBLES, EXCEPTO MUEBLES DE OFICINA",SI,COMERCIO AL POR MAYOR Y AL POR MENOR; REPARACIÓN DE VEHICULOS AUTOMOTORES Y MOTOCICLETAS
464902,VENTA AL POR MAYOR DE ARTÍCULOS ELÉCTRICOS Y ELECTRÓNICOS PARA EL HOGAR,SI,COMERCIO AL POR MAYOR Y AL POR MENOR; REPARACIÓN DE VEHICULOS AUTOMOTORES Y MOTOCICLETAS
464903,"VENTA AL POR MAYOR DE ARTÍCULOS DE PERFUMERÍA, DE TOCADOR Y COSMÉTICOS",SI,COMERCIO AL POR MAYOR Y AL POR MENOR; REPARACIÓN DE VEHICULOS AUTOMOTORES Y MOTOCICLETAS
464904,VENTA AL POR MAYOR DE ARTÍCULOS DE PAPELERÍA Y ESCRITORIO,SI,COMERCIO AL POR MAYOR Y AL POR MENOR; REPARACIÓN DE VEHICULOS AUTOMOTORES Y MOTOCICLETAS
464905,VENTA AL POR MAYOR DE LIBROS,SI,COMERCIO AL POR MAYOR Y AL POR MENOR; REPARACIÓN DE VEHICULOS AUTOMOTORES Y MOTOCICLETAS
464906,VENTA AL POR MAYOR DE DIARIOS Y REVISTAS,SI,COMERCIO AL POR MAYOR Y AL POR MENOR; REPARACIÓN DE VEHICULOS AUTOMOTORES Y MOTOCICLETAS
464907,VENTA AL POR MAYOR DE PRODUCTOS FARMACÉUTICOS Y MEDICINALES,SI,COMERCIO AL POR MAYOR Y AL POR MENOR; REPARACIÓN DE VEHICULOS AUTOMOTORES Y MOTOCICLETAS
464908,VENTA AL POR MAYOR DE INSTRUMENTOS CIENTÍFICOS Y QUIRÚRGICOS,SI,COMERCIO AL POR MAYOR Y AL POR MENOR; REPARACIÓN DE VEHICULOS AUTOMOTORES Y MOTOCICLETAS
464909,VENTA AL POR MAYOR DE OTROS ENSERES DOMÉSTICOS N.C.P.,SI,COMERCIO AL POR MAYOR Y AL POR MENOR; REPARACIÓN DE VEHICULOS AUTOMOTORES Y MOTOCICLETAS
465100,"VENTA AL POR MAYOR DE COMPUTADORES, EQUIPO PERIFÉRICO Y PROGRAMAS INFORMÁTICOS",SI,COMERCIO AL POR MAYOR Y AL POR MENOR; REPARACIÓN DE VEHICULOS AUTOMOTORES Y MOTOCICLETAS
465200,"VENTA AL POR MAYOR DE EQUIPO, PARTES Y PIEZAS ELECTRÓNICOS Y DE TELECOMUNICACIONES",SI,COMERCIO AL POR MAYOR Y AL POR MENOR; REPARACIÓN DE VEHICULOS AUTOMOTORES Y MOTOCICLETAS
465300,"VENTA AL POR MAYOR DE MAQUINARIA, EQUIPO Y MATERIALES AGROPECUARIOS",SI,COMERCIO AL POR MAYOR Y AL POR MENOR; REPARACIÓN DE VEHICULOS AUTOMOTORES Y MOTOCICLETAS
465901,"VENTA AL POR MAYOR DE MAQUINARIA METALÚRGICA, PARA LA MINERÍA, EXTRACCIÓN DE PETRÓLEO Y CONSTRUCCIÓN",SI,COMERCIO AL POR MAYOR Y AL POR MENOR; REPARACIÓN DE VEHICULOS AUTOMOTORES Y MOTOCICLETAS
465902,"VENTA AL POR MAYOR DE MAQUINARIA PARA LA ELABORACIÓN DE ALIMENTOS, BEBIDAS Y TABACO",SI,COMERCIO AL POR MAYOR Y AL POR MENOR; REPARACIÓN DE VEHICULOS AUTOMOTORES Y MOTOCICLETAS
465903,"VENTA AL POR MAYOR DE MAQUINARIA PARA LA INDUSTRIA TEXTIL, DEL CUERO Y DEL CALZADO",SI,COMERCIO AL POR MAYOR Y AL POR MENOR; REPARACIÓN DE VEHICULOS AUTOMOTORES Y MOTOCICLETAS
465904,VENTA AL POR MAYOR DE MAQUINARIA Y EQUIPO DE OFICINA; VENTA AL POR MAYOR DE MUEBLES DE OFICINA,SI,COMERCIO AL POR MAYOR Y AL POR MENOR; REPARACIÓN DE VEHICULOS AUTOMOTORES Y MOTOCICLETAS
465905,"VENTA AL POR MAYOR DE EQUIPO DE TRANSPORTE(EXCEPTO VEHÍCULOS AUTOMOTORES, MOTOCICLETAS Y BICICLETAS)",SI,COMERCIO AL POR MAYOR Y AL POR MENOR; REPARACIÓN DE VEHICULOS AUTOMOTORES Y MOTOCICLETAS
465909,VENTA AL POR MAYOR DE OTROS TIPOS DE MAQUINARIA Y EQUIPO N.C.P.,SI,COMERCIO AL POR MAYOR Y AL POR MENOR; REPARACIÓN DE VEHICULOS AUTOMOTORES Y MOTOCICLETAS
466100,"VENTA AL POR MAYOR DE COMBUSTIBLES SÓLIDOS, LÍQUIDOS Y GASEOSOS Y PRODUCTOS CONEXOS",SI,COMERCIO AL POR MAYOR Y AL POR MENOR; REPARACIÓN DE VEHICULOS AUTOMOTORES Y MOTOCICLETAS
466200,VENTA AL POR MAYOR DE METALES Y MINERALES METALÍFEROS,SI,COMERCIO AL POR MAYOR Y AL POR MENOR; REPARACIÓN DE VEHICULOS AUTOMOTORES Y MOTOCICLETAS
466301,VENTA AL POR MAYOR DE MADERA EN BRUTO Y PRODUCTOS PRIMARIOS DE LA ELABORACIÓN DE MADERA,SI,COMERCIO AL POR MAYOR Y AL POR MENOR; REPARACIÓN DE VEHICULOS AUTOMOTORES Y MOTOCICLETAS
466302,"VENTA AL POR MAYOR DE MATERIALES DE CONSTRUCCIÓN, ARTÍCULOS DE FERRETERÍA, GASFITERÍA Y CALEFACCIÓN",SI,COMERCIO AL POR MAYOR Y AL POR MENOR; REPARACIÓN DE VEHICULOS AUTOMOTORES Y MOTOCICLETAS
466901,VENTA AL POR MAYOR DE PRODUCTOS QUÍMICOS,SI,COMERCIO AL POR MAYOR Y AL POR MENOR; REPARACIÓN DE VEHICULOS AUTOMOTORES Y MOTOCICLETAS
466902,VENTA AL POR MAYOR DE DESECHOS METÁLICOS (CHATARRA),SI,COMERCIO AL POR MAYOR Y AL POR MENOR; REPARACIÓN DE VEHICULOS AUTOMOTORES Y MOTOCICLETAS
466909,"VENTA AL POR MAYOR DE DESPERDICIOS, DESECHOS Y OTROS PRODUCTOS N.C.P.",SI,COMERCIO AL POR MAYOR Y AL POR MENOR; REPARACIÓN DE VEHICULOS AUTOMOTORES Y MOTOCICLETAS
469000,VENTA AL POR MAYOR NO ESPECIALIZADA,NO,COMERCIO AL POR MAYOR Y AL POR MENOR; REPARACIÓN DE VEHICULOS AUTOMOTORES Y MOTOCICLETAS
471100,"VENTA AL POR MENOR EN COMERCIOS DE ALIMENTOS, BEBIDAS O TABACO (SUPERMERCADOS E HIPERMERCADOS)",SI,COMERCIO AL POR MAYOR Y AL POR MENOR; REPARACIÓN DE VEHICULOS AUTOMOTORES Y MOTOCICLETAS
471910,VENTA AL POR MENOR EN COMERCIOS DE VESTUARIO Y PRODUCTOS PARA EL HOGAR (GRANDES TIENDAS),SI,COMERCIO AL POR MAYOR Y AL POR MENOR; REPARACIÓN DE VEHICULOS AUTOMOTORES Y MOTOCICLETAS
471990,OTRAS ACTIVIDADES DE VENTA AL POR MENOR EN COMERCIOS NO ESPECIALIZADOS N.C.P.,NO,COMERCIO AL POR MAYOR Y AL POR MENOR; REPARACIÓN DE VEHICULOS AUTOMOTORES Y MOTOCICLETAS
472101,VENTA AL POR MENOR DE ALIMENTOS EN COMERCIOS ESPECIALIZADOS (ALMACENES PEQUEÑOS Y MINIMARKET),SI,COMERCIO AL POR MAYOR Y AL POR MENOR; REPARACIÓN DE VEHICULOS AUTOMOTORES Y MOTOCICLETAS
472102,VENTA AL POR MENOR EN COMERCIOS ESPECIALIZADOS DE CARNE Y PRODUCTOS CÁRNICOS,SI,COMERCIO AL POR MAYOR Y AL POR MENOR; REPARACIÓN DE VEHICULOS AUTOMOTORES Y MOTOCICLETAS
472103,VENTA AL POR MENOR EN COMERCIOS ESPECIALIZADOS DE FRUTAS Y VERDURAS (VERDULERÍAS),SI,COMERCIO AL POR MAYOR Y AL POR MENOR; REPARACIÓN DE VEHICULOS AUTOMOTORES Y MOTOCICLETAS
472104,"VENTA AL POR MENOR EN COMERCIOS ESPECIALIZADOS DE PESCADO, MARISCOS Y PRODUCTOS CONEXOS",SI,COMERCIO AL POR MAYOR Y AL POR MENOR; REPARACIÓN DE VEHICULOS AUTOMOTORES Y MOTOCICLETAS
472105,VENTA AL POR MENOR EN COMERCIOS ESPECIALIZADOS DE PRODUCTOS DE PANADERÍA Y PASTELERÍA,SI,COMERCIO AL POR MAYOR Y AL POR MENOR; REPARACIÓN DE VEHICULOS AUTOMOTORES Y MOTOCICLETAS
472109,"VENTA AL POR MENOR EN COMERCIOS ESPECIALIZADOS DE HUEVOS, CONFITES Y PRODUCTOS ALIMENTICIOS N.C.P.",SI,COMERCIO AL POR MAYOR Y AL POR MENOR; REPARACIÓN DE VEHICULOS AUTOMOTORES Y MOTOCICLETAS
472200,VENTA AL POR MENOR DE BEBIDAS ALCOHÓLICAS Y NO ALCOHÓLICAS EN COMERCIOS ESPECIALIZADOS (BOTILLERÍAS),NO,COMERCIO AL POR MAYOR Y AL POR MENOR; REPARACIÓN DE VEHICULOS AUTOMOTORES Y MOTOCICLETAS
472300,VENTA AL POR MENOR DE TABACO Y PRODUCTOS DE TABACO EN COMERCIOS ESPECIALIZADOS,SI,COMERCIO AL POR MAYOR Y AL POR MENOR; REPARACIÓN DE VEHICULOS AUTOMOTORES Y MOTOCICLETAS
473000,VENTA AL POR MENOR DE COMBUSTIBLES PARA VEHÍCULOS AUTOMOTORES EN COMERCIOS ESPECIALIZADOS,SI,COMERCIO AL POR MAYOR Y AL POR MENOR; REPARACIÓN DE VEHICULOS AUTOMOTORES Y MOTOCICLETAS
474100,"VENTA AL POR MENOR DE COMPUTADORES, EQUIPO PERIFÉRICO, PROGRAMAS INFORMÁTICOS Y EQUIPO DE TELECOM.",SI,COMERCIO AL POR MAYOR Y AL POR MENOR; REPARACIÓN DE VEHICULOS AUTOMOTORES Y MOTOCICLETAS
474200,VENTA AL POR MENOR DE EQUIPO DE SONIDO Y DE VIDEO EN COMERCIOS ESPECIALIZADOS,SI,COMERCIO AL POR MAYOR Y AL POR MENOR; REPARACIÓN DE VEHICULOS AUTOMOTORES Y MOTOCICLETAS
475100,"VENTA AL POR MENOR DE TELAS, LANAS, HILOS Y SIMILARES EN COMERCIOS ESPECIALIZADOS",SI,COMERCIO AL POR MAYOR Y AL POR MENOR; REPARACIÓN DE VEHICULOS AUTOMOTORES Y MOTOCICLETAS
475201,VENTA AL POR MENOR DE ARTÍCULOS DE FERRETERÍA Y MATERIALES DE CONSTRUCCIÓN,SI,COMERCIO AL POR MAYOR Y AL POR MENOR; REPARACIÓN DE VEHICULOS AUTOMOTORES Y MOTOCICLETAS
475202,"VENTA AL POR MENOR DE PINTURAS, BARNICES Y LACAS EN COMERCIOS ESPECIALIZADOS",SI,COMERCIO AL POR MAYOR Y AL POR MENOR; REPARACIÓN DE VEHICULOS AUTOMOTORES Y MOTOCICLETAS
475203,VENTA AL POR MENOR DE PRODUCTOS DE VIDRIO EN COMERCIOS ESPECIALIZADOS,SI,COMERCIO AL POR MAYOR Y AL POR MENOR; REPARACIÓN DE VEHICULOS AUTOMOTORES Y MOTOCICLETAS
475300,"VENTA AL POR MENOR DE TAPICES, ALFOMBRAS Y CUBRIMIENTOS PARA PAREDES Y PISOS",SI,COMERCIO AL POR MAYOR Y AL POR MENOR; REPARACIÓN DE VEHICULOS AUTOMOTORES Y MOTOCICLETAS
475901,VENTA AL POR MENOR DE MUEBLES Y COLCHONES EN COMERCIOS ESPECIALIZADOS,SI,COMERCIO AL POR MAYOR Y AL POR MENOR; REPARACIÓN DE VEHICULOS AUTOMOTORES Y MOTOCICLETAS
475902,VENTA AL POR MENOR DE INSTRUMENTOS MUSICALES EN COMERCIOS ESPECIALIZADOS,SI,COMERCIO AL POR MAYOR Y AL POR MENOR; REPARACIÓN DE VEHICULOS AUTOMOTORES Y MOTOCICLETAS
475909,"VENTA AL POR MENOR DE APARATOS ELÉCTRICOS, TEXTILES PARA EL HOGAR Y OTROS ENSERES DOMÉSTICOS N.C.P.",SI,COMERCIO AL POR MAYOR Y AL POR MENOR; REPARACIÓN DE VEHICULOS AUTOMOTORES Y MOTOCICLETAS
476101,VENTA AL POR MENOR DE LIBROS EN COMERCIOS ESPECIALIZADOS,SI,COMERCIO AL POR MAYOR Y AL POR MENOR; REPARACIÓN DE VEHICULOS AUTOMOTORES Y MOTOCICLETAS
476102,VENTA AL POR MENOR DE DIARIOS Y REVISTAS EN COMERCIOS ESPECIALIZADOS,SI,COMERCIO AL POR MAYOR Y AL POR MENOR; REPARACIÓN DE VEHICULOS AUTOMOTORES Y MOTOCICLETAS
476103,VENTA AL POR MENOR DE ARTÍCULOS DE PAPELERÍA Y ESCRITORIO EN COMERCIOS ESPECIALIZADOS,SI,COMERCIO AL POR MAYOR Y AL POR MENOR; REPARACIÓN DE VEHICULOS AUTOMOTORES Y MOTOCICLETAS
476200,VENTA AL POR MENOR DE GRABACIONES DE MÚSICA Y DE VIDEO EN COMERCIOS ESPECIALIZADOS,SI,COMERCIO AL POR MAYOR Y AL POR MENOR; REPARACIÓN DE VEHICULOS AUTOMOTORES Y MOTOCICLETAS
476301,VENTA AL POR MENOR DE ARTÍCULOS DE CAZA Y PESCA EN COMERCIOS ESPECIALIZADOS,SI,COMERCIO AL POR MAYOR Y AL POR MENOR; REPARACIÓN DE VEHICULOS AUTOMOTORES Y MOTOCICLETAS
476302,VENTA AL POR MENOR DE BICICLETAS Y SUS REPUESTOS EN COMERCIOS ESPECIALIZADOS,SI,COMERCIO AL POR MAYOR Y AL POR MENOR; REPARACIÓN DE VEHICULOS AUTOMOTORES Y MOTOCICLETAS
476309,VENTA AL POR MENOR DE OTROS ARTÍCULOS Y EQUIPOS DE DEPORTE N.C.P.,SI,COMERCIO AL POR MAYOR Y AL POR MENOR; REPARACIÓN DE VEHICULOS AUTOMOTORES Y MOTOCICLETAS
476400,VENTA AL POR MENOR DE JUEGOS Y JUGUETES EN COMERCIOS ESPECIALIZADOS,SI,COMERCIO AL POR MAYOR Y AL POR MENOR; REPARACIÓN DE VEHICULOS AUTOMOTORES Y MOTOCICLETAS
477101,VENTA AL POR MENOR DE CALZADO EN COMERCIOS ESPECIALIZADOS,SI,COMERCIO AL POR MAYOR Y AL POR MENOR; REPARACIÓN DE VEHICULOS AUTOMOTORES Y MOTOCICLETAS
477102,VENTA AL POR MENOR DE PRENDAS Y ACCESORIOS DE VESTIR EN COMERCIOS ESPECIALIZADOS,SI,COMERCIO AL POR MAYOR Y AL POR MENOR; REPARACIÓN DE VEHICULOS AUTOMOTORES Y MOTOCICLETAS
477103,"VENTA AL POR MENOR DE CARTERAS, MALETAS Y OTROS ACCESORIOS DE VIAJE EN COMERCIOS ESPECIALIZADOS",SI,COMERCIO AL POR MAYOR Y AL POR MENOR; REPARACIÓN DE VEHICULOS AUTOMOTORES Y MOTOCICLETAS
477201,VENTA AL POR MENOR DE PRODUCTOS FARMACÉUTICOS Y MEDICINALES EN COMERCIOS ESPECIALIZADOS,SI,COMERCIO AL POR MAYOR Y AL POR MENOR; REPARACIÓN DE VEHICULOS AUTOMOTORES Y MOTOCICLETAS
477202,VENTA AL POR MENOR DE ARTÍCULOS ORTOPÉDICOS EN COMERCIOS ESPECIALIZADOS,SI,COMERCIO AL POR MAYOR Y AL POR MENOR; REPARACIÓN DE VEHICULOS AUTOMOTORES Y MOTOCICLETAS
477203,"VENTA AL POR MENOR DE ARTÍCULOS DE PERFUMERÍA, DE TOCADOR Y COSMÉTICOS EN COMERCIOS ESPECIALIZADOS",SI,COMERCIO AL POR MAYOR Y AL POR MENOR; REPARACIÓN DE VEHICULOS AUTOMOTORES Y MOTOCICLETAS
477310,VENTA AL POR MENOR DE GAS LICUADO EN BOMBONAS (CILINDROS) EN COMERCIOS ESPECIALIZADOS,SI,COMERCIO AL POR MAYOR Y AL POR MENOR; REPARACIÓN DE VEHICULOS AUTOMOTORES Y MOTOCICLETAS
477391,VENTA AL POR MENOR DE ALIMENTO Y ACCESORIOS PARA MASCOTAS EN COMERCIOS ESPECIALIZADOS,SI,COMERCIO AL POR MAYOR Y AL POR MENOR; REPARACIÓN DE VEHICULOS AUTOMOTORES Y MOTOCICLETAS
477392,VENTA AL POR MENOR DE ARMAS Y MUNICIONES EN COMERCIOS ESPECIALIZADOS,SI,COMERCIO AL POR MAYOR Y AL POR MENOR; REPARACIÓN DE VEHICULOS AUTOMOTORES Y MOTOCICLETAS
477393,VENTA AL POR MENOR DE ARTÍCULOS ÓPTICOS EN COMERCIOS ESPECIALIZADOS,SI,COMERCIO AL POR MAYOR Y AL POR MENOR; REPARACIÓN DE VEHICULOS AUTOMOTORES Y MOTOCICLETAS
477394,"VENTA AL POR MENOR DE ARTÍCULOS DE JOYERÍA, BISUTERÍA Y RELOJERÍA EN COMERCIOS ESPECIALIZADOS",SI,COMERCIO AL POR MAYOR Y AL POR MENOR; REPARACIÓN DE VEHICULOS AUTOMOTORES Y MOTOCICLETAS
477395,"VENTA AL POR MENOR DE CARBÓN, LEÑA Y OTROS COMBUSTIBLES DE USO DOMÉSTICO EN COMERCIOS ESPECIALIZADOS",SI,COMERCIO AL POR MAYOR Y AL POR MENOR; REPARACIÓN DE VEHICULOS AUTOMOTORES Y MOTOCICLETAS
477396,"VENTA AL POR MENOR DE RECUERDOS, ARTESANÍAS Y ARTÍCULOS RELIGIOSOS EN COMERCIOS ESPECIALIZADOS",SI,COMERCIO AL POR MAYOR Y AL POR MENOR; REPARACIÓN DE VEHICULOS AUTOMOTORES Y MOTOCICLETAS
477397,"VENTA AL POR MENOR DE FLORES, PLANTAS, ARBOLES, SEMILLAS Y ABONOS EN COMERCIOS ESPECIALIZADOS",SI,COMERCIO AL POR MAYOR Y AL POR MENOR; REPARACIÓN DE VEHICULOS AUTOMOTORES Y MOTOCICLETAS
477398,VENTA AL POR MENOR DE MASCOTAS EN COMERCIOS ESPECIALIZADOS,SI,COMERCIO AL POR MAYOR Y AL POR MENOR; REPARACIÓN DE VEHICULOS AUTOMOTORES Y MOTOCICLETAS
477399,VENTA AL POR MENOR DE OTROS PRODUCTOS EN COMERCIOS ESPECIALIZADOS N.C.P.,SI,COMERCIO AL POR MAYOR Y AL POR MENOR; REPARACIÓN DE VEHICULOS AUTOMOTORES Y MOTOCICLETAS
477401,VENTA AL POR MENOR DE ANTIGÜEDADES EN COMERCIOS,SI,COMERCIO AL POR MAYOR Y AL POR MENOR; REPARACIÓN DE VEHICULOS AUTOMOTORES Y MOTOCICLETAS
477402,VENTA AL POR MENOR DE ROPA USADA EN COMERCIOS,SI,COMERCIO AL POR MAYOR Y AL POR MENOR; REPARACIÓN DE VEHICULOS AUTOMOTORES Y MOTOCICLETAS
477409,VENTA AL POR MENOR DE OTROS ARTÍCULOS DE SEGUNDA MANO EN COMERCIOS N.C.P.,SI,COMERCIO AL POR MAYOR Y AL POR MENOR; REPARACIÓN DE VEHICULOS AUTOMOTORES Y MOTOCICLETAS
478100,"VENTA AL POR MENOR DE ALIMENTOS, BEBIDAS Y TABACO EN PUESTOS DE VENTA Y MERCADOS (INCLUYE FERIAS)",SI,COMERCIO AL POR MAYOR Y AL POR MENOR; REPARACIÓN DE VEHICULOS AUTOMOTORES Y MOTOCICLETAS
478200,"VENTA AL POR MENOR DE PRODUCTOS TEXTILES, PRENDAS DE VESTIR Y CALZADO EN PUESTOS DE VENTA Y MERCADOS",SI,COMERCIO AL POR MAYOR Y AL POR MENOR; REPARACIÓN DE VEHICULOS AUTOMOTORES Y MOTOCICLETAS
478900,VENTA AL POR MENOR DE OTROS PRODUCTOS EN PUESTOS DE VENTA Y MERCADOS (INCLUYE FERIAS),SI,COMERCIO AL POR MAYOR Y AL POR MENOR; REPARACIÓN DE VEHICULOS AUTOMOTORES Y MOTOCICLETAS
479100,"VENTA AL POR MENOR POR CORREO, POR INTERNET Y VÍA TELEFÓNICA",SI,COMERCIO AL POR MAYOR Y AL POR MENOR; REPARACIÓN DE VEHICULOS AUTOMOTORES Y MOTOCICLETAS
479901,VENTA AL POR MENOR REALIZADA POR INDEPENDIENTES EN LA LOCOMOCIÓN COLECTIVA (LEY 20.388),SI,COMERCIO AL POR MAYOR Y AL POR MENOR; REPARACIÓN DE VEHICULOS AUTOMOTORES Y MOTOCICLETAS
479902,VENTA AL POR MENOR MEDIANTE MAQUINAS EXPENDEDORAS,SI,COMERCIO AL POR MAYOR Y AL POR MENOR; REPARACIÓN DE VEHICULOS AUTOMOTORES Y MOTOCICLETAS
479903,VENTA AL POR MENOR POR COMISIONISTAS (NO DEPENDIENTES DE COMERCIOS),NO,COMERCIO AL POR MAYOR Y AL POR MENOR; REPARACIÓN DE VEHICULOS AUTOMOTORES Y MOTOCICLETAS
479909,"OTRAS ACTIVIDADES DE VENTA POR MENOR NO REALIZADAS EN COMERCIOS, PUESTOS DE VENTA O MERCADOS N.C.P.",NO,COMERCIO AL POR MAYOR Y AL POR MENOR; REPARACIÓN DE VEHICULOS AUTOMOTORES Y MOTOCICLETAS
491100,TRANSPORTE INTERURBANO DE PASAJEROS POR FERROCARRIL,NO,TRANSPORTE Y ALMACENAMIENTO
491200,TRANSPORTE DE CARGA POR FERROCARRIL,SI,TRANSPORTE Y ALMACENAMIENTO
492110,TRANSPORTE URBANO Y SUBURBANO DE PASAJEROS VÍA METRO Y METROTREN,NO,TRANSPORTE Y ALMACENAMIENTO
492120,TRANSPORTE URBANO Y SUBURBANO DE PASAJEROS VÍA LOCOMOCIÓN COLECTIVA,NO,TRANSPORTE Y ALMACENAMIENTO
492130,TRANSPORTE DE PASAJEROS VÍA TAXI COLECTIVO,NO,TRANSPORTE Y ALMACENAMIENTO
492190,OTRAS ACTIVIDADES DE TRANSPORTE URBANO Y SUBURBANO DE PASAJEROS POR VÍA TERRESTRE N.C.P.,NO,TRANSPORTE Y ALMACENAMIENTO
492210,SERVICIOS DE TRANSPORTE DE ESCOLARES,NO,TRANSPORTE Y ALMACENAMIENTO
492220,SERVICIOS DE TRANSPORTE DE TRABAJADORES,NO,TRANSPORTE Y ALMACENAMIENTO
492230,SERVICIOS DE TRANSPORTE DE PASAJEROS EN TAXIS LIBRES Y RADIOTAXIS,NO,TRANSPORTE Y ALMACENAMIENTO
492240,SERVICIOS DE TRANSPORTE A TURISTAS,NO,TRANSPORTE Y ALMACENAMIENTO
492250,TRANSPORTE DE PASAJEROS EN BUSES INTERURBANOS,NO,TRANSPORTE Y ALMACENAMIENTO
492290,OTRAS ACTIVIDADES DE TRANSPORTE DE PASAJEROS POR VÍA TERRESTRE N.C.P.,NO,TRANSPORTE Y ALMACENAMIENTO
492300,TRANSPORTE DE CARGA POR CARRETERA,SI,TRANSPORTE Y ALMACENAMIENTO
493010,TRANSPORTE POR OLEODUCTOS,SI,TRANSPORTE Y ALMACENAMIENTO
493020,TRANSPORTE POR GASODUCTOS,SI,TRANSPORTE Y ALMACENAMIENTO
493090,OTRAS ACTIVIDADES DE TRANSPORTE POR TUBERÍAS N.C.P.,SI,TRANSPORTE Y ALMACENAMIENTO
501100,TRANSPORTE DE PASAJEROS MARÍTIMO Y DE CABOTAJE,NO,TRANSPORTE Y ALMACENAMIENTO
501200,TRANSPORTE DE CARGA MARÍTIMO Y DE CABOTAJE,SI,TRANSPORTE Y ALMACENAMIENTO
502100,TRANSPORTE DE PASAJEROS POR VÍAS DE NAVEGACIÓN INTERIORES,NO,TRANSPORTE Y ALMACENAMIENTO
502200,TRANSPORTE DE CARGA POR VÍAS DE NAVEGACIÓN INTERIORES,SI,TRANSPORTE Y ALMACENAMIENTO
511000,TRANSPORTE DE PASAJEROS POR VÍA AÉREA,NO,TRANSPORTE Y ALMACENAMIENTO
512000,TRANSPORTE DE CARGA POR VÍA AÉREA,SI,TRANSPORTE Y ALMACENAMIENTO
521001,EXPLOTACIÓN DE FRIGORÍFICOS PARA ALMACENAMIENTO Y DEPÓSITO,SI,TRANSPORTE Y ALMACENAMIENTO
521009,OTROS SERVICIOS DE ALMACENAMIENTO Y DEPÓSITO N.C.P.,SI,TRANSPORTE Y ALMACENAMIENTO
522110,EXPLOTACIÓN DE TERMINALES TERRESTRES DE PASAJEROS,SI,TRANSPORTE Y ALMACENAMIENTO
522120,EXPLOTACIÓN DE ESTACIONAMIENTOS DE VEHÍCULOS AUTOMOTORES Y PARQUÍMETROS,SI,TRANSPORTE Y ALMACENAMIENTO
522130,SERVICIOS PRESTADOS POR CONCESIONARIOS DE CARRETERAS,SI,TRANSPORTE Y ALMACENAMIENTO
522190,ACTIVIDADES DE SERVICIOS VINCULADAS AL TRANSPORTE TERRESTRE N.C.P.,SI,TRANSPORTE Y ALMACENAMIENTO
522200,ACTIVIDADES DE SERVICIOS VINCULADAS AL TRANSPORTE ACUÁTICO,SI,TRANSPORTE Y ALMACENAMIENTO
522300,ACTIVIDADES DE SERVICIOS VINCULADAS AL TRANSPORTE AÉREO,SI,TRANSPORTE Y ALMACENAMIENTO
522400,MANIPULACIÓN DE LA CARGA,SI,TRANSPORTE Y ALMACENAMIENTO
522910,AGENCIAS DE ADUANAS,SI,TRANSPORTE Y ALMACENAMIENTO
522920,AGENCIAS DE NAVES,SI,TRANSPORTE Y ALMACENAMIENTO
522990,OTRAS ACTIVIDADES DE APOYO AL TRANSPORTE N.C.P.,SI,TRANSPORTE Y ALMACENAMIENTO
531000,ACTIVIDADES POSTALES,SI,TRANSPORTE Y ALMACENAMIENTO
532000,ACTIVIDADES DE MENSAJERÍA,SI,TRANSPORTE Y ALMACENAMIENTO
551001,ACTIVIDADES DE HOTELES,SI,ACTIVIDADES DE ALOJAMIENTO Y DE SERVICIO DE COMIDAS
551002,ACTIVIDADES DE MOTELES,SI,ACTIVIDADES DE ALOJAMIENTO Y DE SERVICIO DE COMIDAS
551003,ACTIVIDADES DE RESIDENCIALES PARA TURISTAS,SI,ACTIVIDADES DE ALOJAMIENTO Y DE SERVICIO DE COMIDAS
551009,OTRAS ACTIVIDADES DE ALOJAMIENTO PARA TURISTAS N.C.P.,SI,ACTIVIDADES DE ALOJAMIENTO Y DE SERVICIO DE COMIDAS
552000,ACTIVIDADES DE CAMPING Y DE PARQUES PARA CASAS RODANTES,SI,ACTIVIDADES DE ALOJAMIENTO Y DE SERVICIO DE COMIDAS
559001,ACTIVIDADES DE RESIDENCIALES PARA ESTUDIANTES Y TRABAJADORES,SI,ACTIVIDADES DE ALOJAMIENTO Y DE SERVICIO DE COMIDAS
559009,OTRAS ACTIVIDADES DE ALOJAMIENTO N.C.P.,SI,ACTIVIDADES DE ALOJAMIENTO Y DE SERVICIO DE COMIDAS
561000,ACTIVIDADES DE RESTAURANTES Y DE SERVICIO MÓVIL DE COMIDAS,SI,ACTIVIDADES DE ALOJAMIENTO Y DE SERVICIO DE COMIDAS
562100,SUMINISTRO DE COMIDAS POR ENCARGO (SERVICIOS DE BANQUETERÍA),SI,ACTIVIDADES DE ALOJAMIENTO Y DE SERVICIO DE COMIDAS
562900,SUMINISTRO INDUSTRIAL DE COMIDAS POR ENCARGO; CONCESIÓN DE SERVICIOS DE ALIMENTACIÓN,SI,ACTIVIDADES DE ALOJAMIENTO Y DE SERVICIO DE COMIDAS
563001,"ACTIVIDADES DE DISCOTECAS Y CABARET (NIGHT CLUB), CON PREDOMINIO DEL SERVICIO DE BEBIDAS",SI,ACTIVIDADES DE ALOJAMIENTO Y DE SERVICIO DE COMIDAS
563009,OTRAS ACTIVIDADES DE SERVICIO DE BEBIDAS N.C.P.,SI,ACTIVIDADES DE ALOJAMIENTO Y DE SERVICIO DE COMIDAS
581100,EDICIÓN DE LIBROS,SI,INFORMACIÓN Y COMUNICACIONES
581200,EDICIÓN DE DIRECTORIOS Y LISTAS DE CORREO,SI,INFORMACIÓN Y COMUNICACIONES
581300,"EDICIÓN DE DIARIOS, REVISTAS Y OTRAS PUBLICACIONES PERIÓDICAS",SI,INFORMACIÓN Y COMUNICACIONES
581900,OTRAS ACTIVIDADES DE EDICIÓN,SI,INFORMACIÓN Y COMUNICACIONES
582000,EDICIÓN DE PROGRAMAS INFORMÁTICOS,SI,INFORMACIÓN Y COMUNICACIONES
591100,"ACTIVIDADES DE PRODUCCIÓN DE PELÍCULAS CINEMATOGRÁFICAS, VIDEOS Y PROGRAMAS DE TELEVISIÓN",SI,INFORMACIÓN Y COMUNICACIONES
591200,"ACTIVIDADES DE POSTPRODUCCIÓN DE PELÍCULAS CINEMATOGRÁFICAS, VIDEOS Y PROGRAMAS DE TELEVISIÓN",SI,INFORMACIÓN Y COMUNICACIONES
591300,"ACTIVIDADES DE DISTRIBUCIÓN DE PELÍCULAS CINEMATOGRÁFICAS, VIDEOS Y PROGRAMAS DE TELEVISIÓN",SI,INFORMACIÓN Y COMUNICACIONES
591400,ACTIVIDADES DE EXHIBICIÓN DE PELÍCULAS CINEMATOGRÁFICAS Y CINTAS DE VIDEO,SI,INFORMACIÓN Y COMUNICACIONES
592000,ACTIVIDADES DE GRABACIÓN DE SONIDO Y EDICIÓN DE MÚSICA,SI,INFORMACIÓN Y COMUNICACIONES
601000,TRANSMISIONES DE RADIO,NO,INFORMACIÓN Y COMUNICACIONES
602000,PROGRAMACIÓN Y TRANSMISIONES DE TELEVISIÓN,NO,INFORMACIÓN Y COMUNICACIONES
611010,TELEFONÍA FIJA,SI,INFORMACIÓN Y COMUNICACIONES
611020,TELEFONÍA LARGA DISTANCIA,SI,INFORMACIÓN Y COMUNICACIONES
611030,TELEVISIÓN DE PAGO POR CABLE,SI,INFORMACIÓN Y COMUNICACIONES
611090,OTROS SERVICIOS DE TELECOMUNICACIONES ALÁMBRICAS N.C.P.,SI,INFORMACIÓN Y COMUNICACIONES
612010,TELEFONÍA MÓVIL CELULAR,SI,INFORMACIÓN Y COMUNICACIONES
612020,RADIOCOMUNICACIONES MÓVILES,SI,INFORMACIÓN Y COMUNICACIONES
612030,TELEVISIÓN DE PAGO INALÁMBRICA,SI,INFORMACIÓN Y COMUNICACIONES
612090,OTROS SERVICIOS DE TELECOMUNICACIONES INALÁMBRICAS N.C.P.,SI,INFORMACIÓN Y COMUNICACIONES
613010,TELEFONÍA MÓVIL SATELITAL,SI,INFORMACIÓN Y COMUNICACIONES
613020,TELEVISIÓN DE PAGO SATELITAL,SI,INFORMACIÓN Y COMUNICACIONES
613090,OTROS SERVICIOS DE TELECOMUNICACIONES POR SATÉLITE N.C.P.,SI,INFORMACIÓN Y COMUNICACIONES
619010,CENTROS DE LLAMADOS Y CENTROS DE ACCESO A INTERNET,SI,INFORMACIÓN Y COMUNICACIONES
619090,OTRAS ACTIVIDADES DE TELECOMUNICACIONES N.C.P.,SI,INFORMACIÓN Y COMUNICACIONES
620100,ACTIVIDADES DE PROGRAMACIÓN INFORMÁTICA,G,INFORMACIÓN Y COMUNICACIONES
620200,ACTIVIDADES DE CONSULTORÍA DE INFORMÁTICA Y DE GESTIÓN DE INSTALACIONES INFORMÁTICAS,SI,INFORMACIÓN Y COMUNICACIONES
620900,OTRAS ACTIVIDADES DE TECNOLOGÍA DE LA INFORMACIÓN Y DE SERVICIOS INFORMÁTICOS,SI,INFORMACIÓN Y COMUNICACIONES
631100,"PROCESAMIENTO DE DATOS, HOSPEDAJE Y ACTIVIDADES CONEXAS",SI,INFORMACIÓN Y COMUNICACIONES
631200,PORTALES WEB,SI,INFORMACIÓN Y COMUNICACIONES
639100,ACTIVIDADES DE AGENCIAS DE NOTICIAS,NO,INFORMACIÓN Y COMUNICACIONES
639900,OTRAS ACTIVIDADES DE SERVICIOS DE INFORMACIÓN N.C.P.,SI,INFORMACIÓN Y COMUNICACIONES
641100,BANCA CENTRAL,SI,ACTIVIDADES FINANCIERAS Y DE SEGUROS
641910,ACTIVIDADES BANCARIAS,SI,ACTIVIDADES FINANCIERAS Y DE SEGUROS
641990,OTROS TIPOS DE INTERMEDIACIÓN MONETARIA N.C.P.,SI,ACTIVIDADES FINANCIERAS Y DE SEGUROS
642000,ACTIVIDADES DE SOCIEDADES DE CARTERA,SI,ACTIVIDADES FINANCIERAS Y DE SEGUROS
643000,FONDOS Y SOCIEDADES DE INVERSIÓN Y ENTIDADES FINANCIERAS SIMILARES,SI,ACTIVIDADES FINANCIERAS Y DE SEGUROS
649100,LEASING FINANCIERO,SI,ACTIVIDADES FINANCIERAS Y DE SEGUROS
649201,FINANCIERAS,SI,ACTIVIDADES FINANCIERAS Y DE SEGUROS
649202,ACTIVIDADES DE CRÉDITO PRENDARIO,SI,ACTIVIDADES FINANCIERAS Y DE SEGUROS
649203,CAJAS DE COMPENSACIÓN,G,ACTIVIDADES FINANCIERAS Y DE SEGUROS
649209,OTRAS ACTIVIDADES DE CONCESIÓN DE CRÉDITO N.C.P.,SI,ACTIVIDADES FINANCIERAS Y DE SEGUROS
649900,"OTRAS ACTIVIDADES DE SERVICIOS FINANCIEROS, EXCEPTO LAS DE SEGUROS Y FONDOS DE PENSIONES N.C.P.",SI,ACTIVIDADES FINANCIERAS Y DE SEGUROS
651100,SEGUROS DE VIDA,SI,ACTIVIDADES FINANCIERAS Y DE SEGUROS
651210,"SEGUROS GENERALES, EXCEPTO ACTIVIDADES DE ISAPRES",SI,ACTIVIDADES FINANCIERAS Y DE SEGUROS
651220,ACTIVIDADES DE ISAPRES,SI,ACTIVIDADES FINANCIERAS Y DE SEGUROS
652000,REASEGUROS SI,SI,ACTIVIDADES FINANCIERAS Y DE SEGUROS
653000,FONDOS DE PENSIONES,SI,ACTIVIDADES FINANCIERAS Y DE SEGUROS
661100,ADMINISTRACIÓN DE MERCADOS FINANCIEROS,SI,ACTIVIDADES FINANCIERAS Y DE SEGUROS
661201,ACTIVIDADES DE SECURITIZADORAS,SI,ACTIVIDADES FINANCIERAS Y DE SEGUROS
661202,CORREDORES DE BOLSA,SI,ACTIVIDADES FINANCIERAS Y DE SEGUROS
661203,AGENTES DE VALORES,SI,ACTIVIDADES FINANCIERAS Y DE SEGUROS
661204,ACTIVIDADES DE CASAS DE CAMBIO Y OPERADORES DE DIVISA,G,ACTIVIDADES FINANCIERAS Y DE SEGUROS
661209,OTROS SERVICIOS DE CORRETAJE DE VALORES Y COMMODITIES N.C.P.,SI,ACTIVIDADES FINANCIERAS Y DE SEGUROS
661901,ACTIVIDADES DE CÁMARAS DE COMPENSACIÓN,SI,ACTIVIDADES FINANCIERAS Y DE SEGUROS
661902,ADMINISTRACIÓN DE TARJETAS DE CRÉDITO,SI,ACTIVIDADES FINANCIERAS Y DE SEGUROS
661903,EMPRESAS DE ASESORÍA Y CONSULTORÍA EN INVERSIÓN FINANCIERA; SOCIEDADES DE APOYO AL GIRO,SI,ACTIVIDADES FINANCIERAS Y DE SEGUROS
661904,ACTIVIDADES DE CLASIFICADORAS DE RIESGO,SI,ACTIVIDADES FINANCIERAS Y DE SEGUROS
661909,OTRAS ACTIVIDADES AUXILIARES DE LAS ACTIVIDADES DE SERVICIOS FINANCIEROS N.C.P.,SI,ACTIVIDADES FINANCIERAS Y DE SEGUROS
662100,EVALUACIÓN DE RIESGOS Y DAÑOS (INCLUYE ACTIVIDADES DE LIQUIDADORES DE SEGUROS),G,ACTIVIDADES FINANCIERAS Y DE SEGUROS
662200,ACTIVIDADES DE AGENTES Y CORREDORES DE SEGUROS,SI,ACTIVIDADES FINANCIERAS Y DE SEGUROS
662900,OTRAS ACTIVIDADES AUXILIARES DE LAS ACTIVIDADES DE SEGUROS Y FONDOS DE PENSIONES,G,ACTIVIDADES FINANCIERAS Y DE SEGUROS
663010,ADMINISTRADORAS DE FONDOS DE PENSIONES (AFP),SI,ACTIVIDADES FINANCIERAS Y DE SEGUROS
663091,ADMINISTRADORAS DE FONDOS DE INVERSIÓN,SI,ACTIVIDADES FINANCIERAS Y DE SEGUROS
663092,ADMINISTRADORAS DE FONDOS MUTUOS,SI,ACTIVIDADES FINANCIERAS Y DE SEGUROS
663093,ADMINISTRADORAS DE FICES (FONDOS DE INVERSIÓN DE CAPITAL EXTRANJERO),SI,ACTIVIDADES FINANCIERAS Y DE SEGUROS
663094,ADMINISTRADORAS DE FONDOS PARA LA VIVIENDA,SI,ACTIVIDADES FINANCIERAS Y DE SEGUROS
663099,ADMINISTRADORAS DE FONDOS PARA OTROS FINES N.C.P.,SI,ACTIVIDADES FINANCIERAS Y DE SEGUROS
681011,ALQUILER DE BIENES INMUEBLES AMOBLADOS O CON EQUIPOS Y MAQUINARIAS,SI,ACTIVIDADES INMOBILIARIAS
681012,"COMPRA, VENTA Y ALQUILER (EXCEPTO AMOBLADOS) DE INMUEBLES",G,ACTIVIDADES INMOBILIARIAS
681020,SERVICIOS IMPUTADOS DE ALQUILER DE VIVIENDAS,G,ACTIVIDADES INMOBILIARIAS
682000,ACTIVIDADES INMOBILIARIAS REALIZADAS A CAMBIO DE UNA RETRIBUCIÓN O POR CONTRATA,G,ACTIVIDADES INMOBILIARIAS
691001,SERVICIOS DE ASESORAMIENTO Y REPRESENTACIÓN JURÍDICA,G,"ACTIVIDADES PROFESIONALES, CIENTIFICAS Y TÉCNICAS"
691002,SERVICIO NOTARIAL,NO,"ACTIVIDADES PROFESIONALES, CIENTIFICAS Y TÉCNICAS"
691003,CONSERVADOR DE BIENES RAÍCES,NO,"ACTIVIDADES PROFESIONALES, CIENTIFICAS Y TÉCNICAS"
691004,RECEPTORES JUDICIALES,NO,"ACTIVIDADES PROFESIONALES, CIENTIFICAS Y TÉCNICAS"
691009,SERVICIOS DE ARBITRAJE; SÍNDICOS DE QUIEBRA Y PERITOS JUDICIALES; OTRAS ACTIVIDADES JURÍDICAS N.C.P.,G,"ACTIVIDADES PROFESIONALES, CIENTIFICAS Y TÉCNICAS"
692000,"ACTIVIDADES DE CONTABILIDAD, TENEDURÍA DE LIBROS Y AUDITORÍA; CONSULTORÍA FISCAL",G,"ACTIVIDADES PROFESIONALES, CIENTIFICAS Y TÉCNICAS"
701000,ACTIVIDADES DE OFICINAS PRINCIPALES,G,"ACTIVIDADES PROFESIONALES, CIENTIFICAS Y TÉCNICAS"
702000,ACTIVIDADES DE CONSULTORÍA DE GESTIÓN,G,"ACTIVIDADES PROFESIONALES, CIENTIFICAS Y TÉCNICAS"
711001,"SERVICIOS DE ARQUITECTURA (DISEÑO DE EDIFICIOS, DIBUJO DE PLANOS DE CONSTRUCCIÓN, ENTRE OTROS)",G,"ACTIVIDADES PROFESIONALES, CIENTIFICAS Y TÉCNICAS"
711002,EMPRESAS DE SERVICIOS DE INGENIERÍA Y ACTIVIDADES CONEXAS DE CONSULTORÍA TÉCNICA,SI,"ACTIVIDADES PROFESIONALES, CIENTIFICAS Y TÉCNICAS"
711003,SERVICIOS PROFESIONALES DE INGENIERÍA Y ACTIVIDADES CONEXAS DE CONSULTORÍA TÉCNICA G,G,"ACTIVIDADES PROFESIONALES, CIENTIFICAS Y TÉCNICAS"
712001,ACTIVIDADES DE PLANTAS DE REVISIÓN TÉCNICA PARA VEHÍCULOS AUTOMOTORES,SI,"ACTIVIDADES PROFESIONALES, CIENTIFICAS Y TÉCNICAS"
712009,OTROS SERVICIOS DE ENSAYOS Y ANÁLISIS TÉCNICOS (EXCEPTO ACTIVIDADES DE PLANTAS DE REVISIÓN TÉCNICA),SI,"ACTIVIDADES PROFESIONALES, CIENTIFICAS Y TÉCNICAS"
721000,INVESTIGACIONES Y DESARROLLO EXPERIMENTAL EN EL CAMPO DE LAS CIENCIAS NATURALES Y LA INGENIERÍA,SI,"ACTIVIDADES PROFESIONALES, CIENTIFICAS Y TÉCNICAS"
722000,INVESTIGACIONES Y DESARROLLO EXPERIMENTAL EN EL CAMPO DE LAS CIENCIAS SOCIALES Y LAS HUMANIDADES,SI,"ACTIVIDADES PROFESIONALES, CIENTIFICAS Y TÉCNICAS"
731001,SERVICIOS DE PUBLICIDAD PRESTADOS POR EMPRESAS,SI,"ACTIVIDADES PROFESIONALES, CIENTIFICAS Y TÉCNICAS"
731002,SERVICIOS DE PUBLICIDAD PRESTADOS POR PROFESIONALES,G,"ACTIVIDADES PROFESIONALES, CIENTIFICAS Y TÉCNICAS"
732000,ESTUDIOS DE MERCADO Y ENCUESTAS DE OPINIÓN PÚBLICA,G,"ACTIVIDADES PROFESIONALES, CIENTIFICAS Y TÉCNICAS"
741001,ACTIVIDADES DE DISEÑO DE VESTUARIO,G,"ACTIVIDADES PROFESIONALES, CIENTIFICAS Y TÉCNICAS"
741002,ACTIVIDADES DE DISEÑO Y DECORACIÓN DE INTERIORES,G,"ACTIVIDADES PROFESIONALES, CIENTIFICAS Y TÉCNICAS"
741009,OTRAS ACTIVIDADES ESPECIALIZADAS DE DISEÑO N.C.P.,G,"ACTIVIDADES PROFESIONALES, CIENTIFICAS Y TÉCNICAS"
742001,"SERVICIOS DE REVELADO, IMPRESIÓN Y AMPLIACIÓN DE FOTOGRAFÍAS",SI,"ACTIVIDADES PROFESIONALES, CIENTIFICAS Y TÉCNICAS"
742002,SERVICIOS Y ACTIVIDADES DE FOTOGRAFÍA G,G,"ACTIVIDADES PROFESIONALES, CIENTIFICAS Y TÉCNICAS"
742003,SERVICIOS PERSONALES DE FOTOGRAFÍA G,G,"ACTIVIDADES PROFESIONALES, CIENTIFICAS Y TÉCNICAS"
749001,ASESORÍA Y GESTIÓN EN LA COMPRA O VENTA DE PEQUEÑAS Y MEDIANAS EMPRESAS,SI,"ACTIVIDADES PROFESIONALES, CIENTIFICAS Y TÉCNICAS"
749002,SERVICIOS DE TRADUCCIÓN E INTERPRETACIÓN PRESTADOS POR EMPRESAS,NO,"ACTIVIDADES PROFESIONALES, CIENTIFICAS Y TÉCNICAS"
749003,SERVICIOS PERSONALES DE TRADUCCIÓN E INTERPRETACIÓN,G,"ACTIVIDADES PROFESIONALES, CIENTIFICAS Y TÉCNICAS"
749004,"ACTIVIDADES DE AGENCIAS Y AGENTES DE REPRESENTACIÓN DE ACTORES, DEPORTISTAS Y OTRAS FIGURAS PÚBLICAS",SI,"ACTIVIDADES PROFESIONALES, CIENTIFICAS Y TÉCNICAS"
749009,"OTRAS ACTIVIDADES PROFESIONALES, CIENTÍFICAS Y TÉCNICAS N.C.P. G",G,"ACTIVIDADES PROFESIONALES, CIENTIFICAS Y TÉCNICAS"
750001,ACTIVIDADES DE CLÍNICAS VETERINARIAS,SI,"ACTIVIDADES PROFESIONALES, CIENTIFICAS Y TÉCNICAS"
750002,"ACTIVIDADES DE VETERINARIOS, TÉCNICOS Y OTRO PERSONAL AUXILIAR, PRESTADOS DE FORMA INDEPENDIENTE",NO,"ACTIVIDADES PROFESIONALES, CIENTIFICAS Y TÉCNICAS"
771000,ALQUILER DE VEHÍCULOS AUTOMOTORES SIN CHOFER,SI,ACTIVIDADES DE SERVICIOS ADMINISTRATIVOS Y DE APOYO
772100,ALQUILER Y ARRENDAMIENTO DE EQUIPO RECREATIVO Y DEPORTIVO,SI,ACTIVIDADES DE SERVICIOS ADMINISTRATIVOS Y DE APOYO
772200,ALQUILER DE CINTAS DE VIDEO Y DISCOS,SI,ACTIVIDADES DE SERVICIOS ADMINISTRATIVOS Y DE APOYO
772900,ALQUILER DE OTROS EFECTOS PERSONALES Y ENSERES DOMÉSTICOS (INCLUYE MOBILIARIO PARA EVENTOS),SI,ACTIVIDADES DE SERVICIOS ADMINISTRATIVOS Y DE APOYO
773001,"ALQUILER DE EQUIPOS DE TRANSPORTE SIN OPERARIO, EXCEPTO VEHÍCULOS AUTOMOTORES",SI,ACTIVIDADES DE SERVICIOS ADMINISTRATIVOS Y DE APOYO
773002,"ALQUILER DE MAQUINARIA Y EQUIPO AGROPECUARIO, FORESTAL, DE CONSTRUCCIÓN E ING. CIVIL, SIN OPERARIOS",SI,ACTIVIDADES DE SERVICIOS ADMINISTRATIVOS Y DE APOYO
773003,"ALQUILER DE MAQUINARIA Y EQUIPO DE OFICINA, SIN OPERARIOS (SIN SERVICIO ADMINISTRATIVO)",SI,ACTIVIDADES DE SERVICIOS ADMINISTRATIVOS Y DE APOYO
773009,ALQUILER DE OTROS TIPOS DE MAQUINARIAS Y EQUIPOS SIN OPERARIO N.C.P.,SI,ACTIVIDADES DE SERVICIOS ADMINISTRATIVOS Y DE APOYO
774000,"ARRENDAMIENTO DE PROPIEDAD INTELECTUAL Y SIMILARES, EXCEPTO OBRAS PROTEGIDAS POR DERECHOS DE AUTOR",SI,ACTIVIDADES DE SERVICIOS ADMINISTRATIVOS Y DE APOYO
781000,ACTIVIDADES DE AGENCIAS DE EMPLEO,SI,ACTIVIDADES DE SERVICIOS ADMINISTRATIVOS Y DE APOYO
782000,ACTIVIDADES DE AGENCIAS DE EMPLEO TEMPORAL (INCLUYE EMPRESAS DE SERVICIOS TRANSITORIOS),SI,ACTIVIDADES DE SERVICIOS ADMINISTRATIVOS Y DE APOYO
783000,OTRAS ACTIVIDADES DE DOTACIÓN DE RECURSOS HUMANOS,SI,ACTIVIDADES DE SERVICIOS ADMINISTRATIVOS Y DE APOYO
791100,ACTIVIDADES DE AGENCIAS DE VIAJES,SI,ACTIVIDADES DE SERVICIOS ADMINISTRATIVOS Y DE APOYO
791200,ACTIVIDADES DE OPERADORES TURÍSTICOS,SI,ACTIVIDADES DE SERVICIOS ADMINISTRATIVOS Y DE APOYO
799000,"OTROS SERVICIOS DE RESERVAS Y ACTIVIDADES CONEXAS (INCLUYE VENTA DE ENTRADAS PARA TEATRO, Y OTROS)",SI,ACTIVIDADES DE SERVICIOS ADMINISTRATIVOS Y DE APOYO
801001,SERVICIOS DE SEGURIDAD PRIVADA PRESTADOS POR EMPRESAS,SI,ACTIVIDADES DE SERVICIOS ADMINISTRATIVOS Y DE APOYO
801002,SERVICIO DE TRANSPORTE DE VALORES EN VEHÍCULOS BLINDADOS,SI,ACTIVIDADES DE SERVICIOS ADMINISTRATIVOS Y DE APOYO
801003,SERVICIOS DE SEGURIDAD PRIVADA PRESTADOS POR INDEPENDIENTES,NO,ACTIVIDADES DE SERVICIOS ADMINISTRATIVOS Y DE APOYO
802000,ACTIVIDADES DE SERVICIOS DE SISTEMAS DE SEGURIDAD (INCLUYE SERVICIOS DE CERRAJERÍA),SI,ACTIVIDADES DE SERVICIOS ADMINISTRATIVOS Y DE APOYO
803000,ACTIVIDADES DE INVESTIGACIÓN (INCLUYE ACTIVIDADES DE INVESTIGADORES Y DETECTIVES PRIVADOS),G,ACTIVIDADES DE SERVICIOS ADMINISTRATIVOS Y DE APOYO
811000,ACTIVIDADES COMBINADAS DE APOYO A INSTALACIONES,G,ACTIVIDADES DE SERVICIOS ADMINISTRATIVOS Y DE APOYO
812100,LIMPIEZA GENERAL DE EDIFICIOS,SI,ACTIVIDADES DE SERVICIOS ADMINISTRATIVOS Y DE APOYO
812901,"DESRATIZACIÓN, DESINFECCIÓN Y EXTERMINIO DE PLAGAS NO AGRÍCOLAS",NO,ACTIVIDADES DE SERVICIOS ADMINISTRATIVOS Y DE APOYO
812909,OTRAS ACTIVIDADES DE LIMPIEZA DE EDIFICIOS E INSTALACIONES INDUSTRIALES N.C.P.,SI,ACTIVIDADES DE SERVICIOS ADMINISTRATIVOS Y DE APOYO
813000,"ACTIVIDADES DE PAISAJISMO, SERVICIOS DE JARDINERÍA Y SERVICIOS CONEXOS",SI,ACTIVIDADES DE SERVICIOS ADMINISTRATIVOS Y DE APOYO
821100,ACTIVIDADES COMBINADAS DE SERVICIOS ADMINISTRATIVOS DE OFICINA,SI,ACTIVIDADES DE SERVICIOS ADMINISTRATIVOS Y DE APOYO
821900,"FOTOCOPIADO, PREPARACIÓN DE DOCUMENTOS Y OTRAS ACTIVIDADES ESPECIALIZADAS DE APOYO DE OFICINA",SI,ACTIVIDADES DE SERVICIOS ADMINISTRATIVOS Y DE APOYO
822000,ACTIVIDADES DE CALL-CENTER,SI,ACTIVIDADES DE SERVICIOS ADMINISTRATIVOS Y DE APOYO
823000,ORGANIZACIÓN DE CONVENCIONES Y EXPOSICIONES COMERCIALES,SI,ACTIVIDADES DE SERVICIOS ADMINISTRATIVOS Y DE APOYO
829110,ACTIVIDADES DE AGENCIAS DE COBRO,SI,ACTIVIDADES DE SERVICIOS ADMINISTRATIVOS Y DE APOYO
829120,ACTIVIDADES DE AGENCIAS DE CALIFICACIÓN CREDITICIA,SI,ACTIVIDADES DE SERVICIOS ADMINISTRATIVOS Y DE APOYO
829200,ACTIVIDADES DE ENVASADO Y EMPAQUETADO,SI,ACTIVIDADES DE SERVICIOS ADMINISTRATIVOS Y DE APOYO
829900,OTRAS ACTIVIDADES DE SERVICIOS DE APOYO A LAS EMPRESAS N.C.P.,SI,ACTIVIDADES DE SERVICIOS ADMINISTRATIVOS Y DE APOYO
841100,ACTIVIDADES DE LA ADMINISTRACIÓN PÚBLICA EN GENERAL,SI,ADMINISTRACIÓN PÚBLICA Y DEFENSA; PLANES DE SEGURIDAD SOCIAL DE AFILIACIÓN OBLIGATORIA
841200,"REGULACIÓN DE LAS ACTIVIDADES DE ORGANISMOS QUE PRESTAN SERVICIOS SANITARIOS, EDUCATIVOS, CULTURALES",SI,ADMINISTRACIÓN PÚBLICA Y DEFENSA; PLANES DE SEGURIDAD SOCIAL DE AFILIACIÓN OBLIGATORIA
841300,REGULACIÓN Y FACILITACIÓN DE LA ACTIVIDAD ECONÓMICA SI,SI,ADMINISTRACIÓN PÚBLICA Y DEFENSA; PLANES DE SEGURIDAD SOCIAL DE AFILIACIÓN OBLIGATORIA
842100,RELACIONES EXTERIORES,G,ADMINISTRACIÓN PÚBLICA Y DEFENSA; PLANES DE SEGURIDAD SOCIAL DE AFILIACIÓN OBLIGATORIA
842200,ACTIVIDADES DE DEFENSA,G,ADMINISTRACIÓN PÚBLICA Y DEFENSA; PLANES DE SEGURIDAD SOCIAL DE AFILIACIÓN OBLIGATORIA
842300,ACTIVIDADES DE MANTENIMIENTO DEL ORDEN PÚBLICO Y DE SEGURIDAD,G,ADMINISTRACIÓN PÚBLICA Y DEFENSA; PLANES DE SEGURIDAD SOCIAL DE AFILIACIÓN OBLIGATORIA
843010,FONDO NACIONAL DE SALUD (FONASA) G,G,ADMINISTRACIÓN PÚBLICA Y DEFENSA; PLANES DE SEGURIDAD SOCIAL DE AFILIACIÓN OBLIGATORIA
843020,INSTITUTO DE PREVISIÓN SOCIAL (IPS),G,ADMINISTRACIÓN PÚBLICA Y DEFENSA; PLANES DE SEGURIDAD SOCIAL DE AFILIACIÓN OBLIGATORIA
843090,OTROS PLANES DE SEGURIDAD SOCIAL DE AFILIACIÓN OBLIGATORIA N.C.P. G,G,ADMINISTRACIÓN PÚBLICA Y DEFENSA; PLANES DE SEGURIDAD SOCIAL DE AFILIACIÓN OBLIGATORIA
850011,ENSEÑANZA PREESCOLAR PÚBLICA,NO,ENSEÑANZA
850012,"ENSEÑANZA PRIMARIA, SECUNDARIA CIENTÍFICO HUMANISTA Y TÉCNICO PROFESIONAL PÚBLICA",NO,ENSEÑANZA
850021,ENSEÑANZA PREESCOLAR PRIVADA,NO,ENSEÑANZA
850022,"ENSEÑANZA PRIMARIA, SECUNDARIA CIENTÍFICO HUMANISTA Y TÉCNICO PROFESIONAL PRIVADA",NO,ENSEÑANZA
853110,ENSEÑANZA SUPERIOR EN UNIVERSIDADES PÚBLICAS,NO,ENSEÑANZA
853120,ENSEÑANZA SUPERIOR EN UNIVERSIDADES PRIVADAS,NO,ENSEÑANZA
853201,ENSEÑANZA SUPERIOR EN INSTITUTOS PROFESIONALES,NO,ENSEÑANZA
853202,ENSEÑANZA SUPERIOR EN CENTROS DE FORMACIÓN TÉCNICA,NO,ENSEÑANZA
854100,ENSEÑANZA DEPORTIVA Y RECREATIVA,SI,ENSEÑANZA
854200,ENSEÑANZA CULTURAL,NO,ENSEÑANZA
854901,ENSEÑANZA PREUNIVERSITARIA,NO,ENSEÑANZA
854902,SERVICIOS PERSONALES DE EDUCACIÓN,NO,ENSEÑANZA
854909,OTROS TIPOS DE ENSEÑANZA N.C.P.,NO,ENSEÑANZA
855000,ACTIVIDADES DE APOYO A LA ENSEÑANZA,G,ENSEÑANZA
861010,ACTIVIDADES DE HOSPITALES Y CLÍNICAS PÚBLICAS,SI,ACTIVIDADES DE ATENCIÓN DE LA SALUD HUMANA Y DE ASISTENCIA SOCIAL
861020,ACTIVIDADES DE HOSPITALES Y CLÍNICAS PRIVADAS,SI,ACTIVIDADES DE ATENCIÓN DE LA SALUD HUMANA Y DE ASISTENCIA SOCIAL
862010,ACTIVIDADES DE CENTROS DE SALUD MUNICIPALIZADOS (SERVICIOS DE SALUD PÚBLICA),G,ACTIVIDADES DE ATENCIÓN DE LA SALUD HUMANA Y DE ASISTENCIA SOCIAL
862021,CENTROS MÉDICOS PRIVADOS (ESTABLECIMIENTOS DE ATENCIÓN AMBULATORIA),NO,ACTIVIDADES DE ATENCIÓN DE LA SALUD HUMANA Y DE ASISTENCIA SOCIAL
862022,CENTROS DE ATENCIÓN ODONTOLÓGICA PRIVADOS (ESTABLECIMIENTOS DE ATENCIÓN AMBULATORIA),NO,ACTIVIDADES DE ATENCIÓN DE LA SALUD HUMANA Y DE ASISTENCIA SOCIAL
862031,SERVICIOS DE MÉDICOS PRESTADOS DE FORMA INDEPENDIENTE,NO,ACTIVIDADES DE ATENCIÓN DE LA SALUD HUMANA Y DE ASISTENCIA SOCIAL
862032,SERVICIOS DE ODONTÓLOGOS PRESTADOS DE FORMA INDEPENDIENTE,NO,ACTIVIDADES DE ATENCIÓN DE LA SALUD HUMANA Y DE ASISTENCIA SOCIAL
869010,ACTIVIDADES DE LABORATORIOS CLÍNICOS Y BANCOS DE SANGRE,SI,ACTIVIDADES DE ATENCIÓN DE LA SALUD HUMANA Y DE ASISTENCIA SOCIAL
869091,OTROS SERVICIOS DE ATENCIÓN DE LA SALUD HUMANA PRESTADOS POR EMPRESAS,G,ACTIVIDADES DE ATENCIÓN DE LA SALUD HUMANA Y DE ASISTENCIA SOCIAL
869092,SERVICIOS PRESTADOS DE FORMA INDEPENDIENTE POR OTROS PROFESIONALES DE LA SALUD,NO,ACTIVIDADES DE ATENCIÓN DE LA SALUD HUMANA Y DE ASISTENCIA SOCIAL
871000,ACTIVIDADES DE ATENCIÓN DE ENFERMERÍA EN INSTITUCIONES,NO,ACTIVIDADES DE ATENCIÓN DE LA SALUD HUMANA Y DE ASISTENCIA SOCIAL
872000,ACTIVIDADES DE ATENCIÓN EN INSTITUCIONES PARA PERSONAS CON DISCAPACIDAD MENTAL Y TOXICÓMANOS,SI,ACTIVIDADES DE ATENCIÓN DE LA SALUD HUMANA Y DE ASISTENCIA SOCIAL
873000,ACTIVIDADES DE ATENCIÓN EN INSTITUCIONES PARA PERSONAS DE EDAD Y PERSONAS CON DISCAPACIDAD FÍSICA,SI,ACTIVIDADES DE ATENCIÓN DE LA SALUD HUMANA Y DE ASISTENCIA SOCIAL
879000,OTRAS ACTIVIDADES DE ATENCIÓN EN INSTITUCIONES,SI,ACTIVIDADES DE ATENCIÓN DE LA SALUD HUMANA Y DE ASISTENCIA SOCIAL
881000,ACTIVIDADES DE ASISTENCIA SOCIAL SIN ALOJAMIENTO PARA PERSONAS DE EDAD Y PERSONAS CON DISCAPACIDAD,SI,ACTIVIDADES DE ATENCIÓN DE LA SALUD HUMANA Y DE ASISTENCIA SOCIAL
889000,OTRAS ACTIVIDADES DE ASISTENCIA SOCIAL SIN ALOJAMIENTO,SI,ACTIVIDADES DE ATENCIÓN DE LA SALUD HUMANA Y DE ASISTENCIA SOCIAL
900001,"SERVICIOS DE PRODUCCIÓN DE OBRAS DE TEATRO, CONCIERTOS, ESPECTÁCULOS DE DANZA, OTRAS PROD. ESCÉNICAS",SI,"ACTIVIDADES ARTÍSTICAS, DE ENTRETENIMIENTO Y RECREATIVAS"
900002,"ACTIVIDADES ARTÍSTICAS REALIZADAS POR BANDAS DE MÚSICA, COMPAÑÍAS DE TEATRO, CIRCENSES Y SIMILARES",SI,"ACTIVIDADES ARTÍSTICAS, DE ENTRETENIMIENTO Y RECREATIVAS"
900003,"ACTIVIDADES DE ARTISTAS REALIZADAS DE FORMA INDEPENDIENTE: ACTORES, MÚSICOS, ESCRITORES, ENTRE OTROS",NO,"ACTIVIDADES ARTÍSTICAS, DE ENTRETENIMIENTO Y RECREATIVAS"
900004,SERVICIOS PRESTADOS POR PERIODISTAS INDEPENDIENTES,NO,"ACTIVIDADES ARTÍSTICAS, DE ENTRETENIMIENTO Y RECREATIVAS"
900009,"OTRAS ACTIVIDADES CREATIVAS, ARTÍSTICAS Y DE ENTRETENIMIENTO N.C.P. G",G,"ACTIVIDADES ARTÍSTICAS, DE ENTRETENIMIENTO Y RECREATIVAS"
910100,ACTIVIDADES DE BIBLIOTECAS Y ARCHIVOS,SI,"ACTIVIDADES ARTÍSTICAS, DE ENTRETENIMIENTO Y RECREATIVAS"
910200,"ACTIVIDADES DE MUSEOS, GESTIÓN DE LUGARES Y EDIFICIOS HISTÓRICOS",SI,"ACTIVIDADES ARTÍSTICAS, DE ENTRETENIMIENTO Y RECREATIVAS"
910300,"ACTIVIDADES DE JARDINES BOTÁNICOS, ZOOLÓGICOS Y RESERVAS NATURALES",SI,"ACTIVIDADES ARTÍSTICAS, DE ENTRETENIMIENTO Y RECREATIVAS"
920010,ACTIVIDADES DE CASINOS DE JUEGOS,SI,"ACTIVIDADES ARTÍSTICAS, DE ENTRETENIMIENTO Y RECREATIVAS"
920090,OTRAS ACTIVIDADES DE JUEGOS DE AZAR Y APUESTAS N.C.P.,SI,"ACTIVIDADES ARTÍSTICAS, DE ENTRETENIMIENTO Y RECREATIVAS"
931101,HIPÓDROMOS,SI,"ACTIVIDADES ARTÍSTICAS, DE ENTRETENIMIENTO Y RECREATIVAS"
931102,GESTIÓN DE SALAS DE BILLAR; GESTIÓN DE SALAS DE BOLOS (BOWLING),SI,"ACTIVIDADES ARTÍSTICAS, DE ENTRETENIMIENTO Y RECREATIVAS"
931109,GESTIÓN DE OTRAS INSTALACIONES DEPORTIVAS N.C.P.,SI,"ACTIVIDADES ARTÍSTICAS, DE ENTRETENIMIENTO Y RECREATIVAS"
931201,ACTIVIDADES DE CLUBES DE FÚTBOL AMATEUR Y PROFESIONAL,G,"ACTIVIDADES ARTÍSTICAS, DE ENTRETENIMIENTO Y RECREATIVAS"
931209,ACTIVIDADES DE OTROS CLUBES DEPORTIVOS N.C.P.,G,"ACTIVIDADES ARTÍSTICAS, DE ENTRETENIMIENTO Y RECREATIVAS"
931901,PROMOCIÓN Y ORGANIZACIÓN DE COMPETENCIAS DEPORTIVAS,SI,"ACTIVIDADES ARTÍSTICAS, DE ENTRETENIMIENTO Y RECREATIVAS"
931909,OTRAS ACTIVIDADES DEPORTIVAS N.C.P.,SI,"ACTIVIDADES ARTÍSTICAS, DE ENTRETENIMIENTO Y RECREATIVAS"
932100,ACTIVIDADES DE PARQUES DE ATRACCIONES Y PARQUES TEMÁTICOS,SI,"ACTIVIDADES ARTÍSTICAS, DE ENTRETENIMIENTO Y RECREATIVAS"
932901,GESTIÓN DE SALAS DE POOL; GESTIÓN (EXPLOTACIÓN) DE JUEGOS ELECTRÓNICOS,SI,"ACTIVIDADES ARTÍSTICAS, DE ENTRETENIMIENTO Y RECREATIVAS"
932909,OTRAS ACTIVIDADES DE ESPARCIMIENTO Y RECREATIVAS N.C.P.,G,"ACTIVIDADES ARTÍSTICAS, DE ENTRETENIMIENTO Y RECREATIVAS"
941100,ACTIVIDADES DE ASOCIACIONES EMPRESARIALES Y DE EMPLEADORES,SI,OTRAS ACTIVIDADES DE SERVICIOS
941200,ACTIVIDADES DE ASOCIACIONES PROFESIONALES,SI,OTRAS ACTIVIDADES DE SERVICIOS
942000,ACTIVIDADES DE SINDICATOS,SI,OTRAS ACTIVIDADES DE SERVICIOS
949100,ACTIVIDADES DE ORGANIZACIONES RELIGIOSAS,SI,OTRAS ACTIVIDADES DE SERVICIOS
949200,ACTIVIDADES DE ORGANIZACIONES POLÍTICAS,SI,OTRAS ACTIVIDADES DE SERVICIOS
949901,ACTIVIDADES DE CENTROS DE MADRES,SI,OTRAS ACTIVIDADES DE SERVICIOS
949902,ACTIVIDADES DE CLUBES SOCIALES,SI,OTRAS ACTIVIDADES DE SERVICIOS
949903,FUNDACIONES Y CORPORACIONES; ASOCIACIONES QUE PROMUEVEN ACTIVIDADES CULTURALES O RECREATIVAS,SI,OTRAS ACTIVIDADES DE SERVICIOS
949904,CONSEJO DE ADMINISTRACIÓN DE EDIFICIOS Y CONDOMINIOS,G,OTRAS ACTIVIDADES DE SERVICIOS
949909,ACTIVIDADES DE OTRAS ASOCIACIONES N.C.P.,SI,OTRAS ACTIVIDADES DE SERVICIOS
951100,REPARACIÓN DE COMPUTADORES Y EQUIPO PERIFÉRICO,SI,OTRAS ACTIVIDADES DE SERVICIOS
951200,REPARACIÓN DE EQUIPO DE COMUNICACIONES (INCLUYE LA REPARACIÓN TELÉFONOS CELULARES),SI,OTRAS ACTIVIDADES DE SERVICIOS
952100,REPARACIÓN DE APARATOS ELECTRÓNICOS DE CONSUMO (INCLUYE APARATOS DE TELEVISIÓN Y RADIO),SI,OTRAS ACTIVIDADES DE SERVICIOS
952200,"REPARACIÓN DE APARATOS DE USO DOMÉSTICO, EQUIPO DOMÉSTICO Y DE JARDINERÍA",SI,OTRAS ACTIVIDADES DE SERVICIOS
952300,REPARACIÓN DE CALZADO Y DE ARTÍCULOS DE CUERO,SI,OTRAS ACTIVIDADES DE SERVICIOS
952400,REPARACIÓN DE MUEBLES Y ACCESORIOS DOMÉSTICOS,SI,OTRAS ACTIVIDADES DE SERVICIOS
952900,REPARACIÓN DE OTROS EFECTOS PERSONALES Y ENSERES DOMÉSTICOS,SI,OTRAS ACTIVIDADES DE SERVICIOS
960100,"LAVADO Y LIMPIEZA, INCLUIDA LA LIMPIEZA EN SECO, DE PRODUCTOS TEXTILES Y DE PIEL",SI,OTRAS ACTIVIDADES DE SERVICIOS
960200,PELUQUERÍA Y OTROS TRATAMIENTOS DE BELLEZA,G,OTRAS ACTIVIDADES DE SERVICIOS
960310,SERVICIOS FUNERARIOS,SI,OTRAS ACTIVIDADES DE SERVICIOS
960320,SERVICIOS DE CEMENTERIOS,SI,OTRAS ACTIVIDADES DE SERVICIOS
960901,"SERVICIOS DE ADIESTRAMIENTO, GUARDERÍA, PELUQUERÍA, PASEO DE MASCOTAS (EXCEPTO ACT. VETERINARIAS)",SI,OTRAS ACTIVIDADES DE SERVICIOS
960902,"ACTIVIDADES DE SALONES DE MASAJES, BAÑOS TURCOS, SAUNAS, SERVICIO DE BAÑOS PÚBLICOS",SI,OTRAS ACTIVIDADES DE SERVICIOS
960909,OTRAS ACTIVIDADES DE SERVICIOS PERSONALES N.C.P.,NO,OTRAS ACTIVIDADES DE SERVICIOS
970000,ACTIVIDADES DE LOS HOGARES COMO EMPLEADORES DE PERSONAL DOMÉSTICO NO,NO,ACTIVIDADES DE LOS HOGARES COMO EMPLEADORES; ACTIVIDADES NO DIFERENCIADAS DE LOS HOGARES
990000,ACTIVIDADES DE ORGANIZACIONES Y ÓRGANOS EXTRATERRITORIALES,G,ACTIVIDADES DE ORGANIZACIONES Y ÓRGANOS EXTRATERRITORIALES
